#
# There is insufficient memory for the Java Runtime Environment to continue.
# Native memory allocation (malloc) failed to allocate 1755376 bytes. Error detail: Chunk::new
# Possible reasons:
#   The system is out of physical RAM or swap space
#   This process is running with CompressedOops enabled, and the Java Heap may be blocking the growth of the native heap
# Possible solutions:
#   Reduce memory load on the system
#   Increase physical memory or swap space
#   Check if swap backing store is full
#   Decrease Java heap size (-Xmx/-Xms)
#   Decrease number of Java threads
#   Decrease Java thread stack sizes (-Xss)
#   Set larger code cache with -XX:ReservedCodeCacheSize=
#   JVM is running with Unscaled Compressed Oops mode in which the Java heap is
#     placed in the first 4GB address space. The Java Heap base address is the
#     maximum limit for the native heap growth. Please use -XX:HeapBaseMinAddress
#     to set the Java Heap base and to place the Java Heap above 4GB virtual address.
# This output file may be truncated or incomplete.
#
#  Out of Memory Error (arena.cpp:191), pid=7696, tid=4808
#
# JRE version: OpenJDK Runtime Environment Temurin-17.0.18+8 (17.0.18+8) (build 17.0.18+8)
# Java VM: OpenJDK 64-Bit Server VM Temurin-17.0.18+8 (17.0.18+8, mixed mode, sharing, tiered, compressed oops, compressed class ptrs, g1 gc, windows-amd64)
# No core dump will be written. Minidumps are not enabled by default on client versions of Windows
#

---------------  S U M M A R Y ------------

Command Line: --add-opens=java.base/java.util=ALL-UNNAMED --add-opens=java.base/java.lang=ALL-UNNAMED --add-opens=java.base/java.lang.invoke=ALL-UNNAMED --add-opens=java.prefs/java.util.prefs=ALL-UNNAMED --add-opens=java.base/java.nio.charset=ALL-UNNAMED --add-opens=java.base/java.net=ALL-UNNAMED --add-opens=java.base/java.util.concurrent.atomic=ALL-UNNAMED -XX:MaxMetaspaceSize=384m -XX:+HeapDumpOnOutOfMemoryError -Xms256m -Xmx512m -Dfile.encoding=windows-1252 -Duser.country=PE -Duser.language=es -Duser.variant -javaagent:C:\Users\USER\.gradle\wrapper\dists\gradle-8.1.1-bin\9wiye5v2saajue4irfo8ybqfp\gradle-8.1.1\lib\agents\gradle-instrumentation-agent-8.1.1.jar org.gradle.launcher.daemon.bootstrap.GradleDaemon 8.1.1

Host: Intel(R) Core(TM) i5-4200M CPU @ 2.50GHz, 4 cores, 7G,  Windows 10 , 64 bit Build 19041 (10.0.19041.5915)
Time: Sun Apr  5 16:14:23 2026 Hora est. Pacífico, Sudamérica elapsed time: 7508.489382 seconds (0d 2h 5m 8s)

---------------  T H R E A D  ---------------

Current thread (0x000001cd52896b80):  JavaThread "C2 CompilerThread0" daemon [_thread_in_native, id=4808, stack(0x00000091b0e00000,0x00000091b0f00000)]


Current CompileTask:
C2:7508759 30885   !   4       java.io.ObjectOutputStream::writeObject0 (620 bytes)

Stack: [0x00000091b0e00000,0x00000091b0f00000]
Native frames: (J=compiled Java code, j=interpreted, Vv=VM code, C=native code)
V  [jvm.dll+0x6846f9]
V  [jvm.dll+0x839ea5]
V  [jvm.dll+0x83b91e]
V  [jvm.dll+0x83bfa3]
V  [jvm.dll+0x248eff]
V  [jvm.dll+0xad496]
V  [jvm.dll+0xadb3c]
V  [jvm.dll+0x368bcf]
V  [jvm.dll+0x333055]
V  [jvm.dll+0x3324ba]
V  [jvm.dll+0x219db9]
V  [jvm.dll+0x219200]
V  [jvm.dll+0x1a4920]
V  [jvm.dll+0x22989a]
V  [jvm.dll+0x227a4b]
V  [jvm.dll+0x7f0658]
V  [jvm.dll+0x7eaaec]
V  [jvm.dll+0x6835c7]
C  [ucrtbase.dll+0x21bb2]
C  [KERNEL32.DLL+0x17374]
C  [ntdll.dll+0x4cc91]


---------------  P R O C E S S  ---------------

Threads class SMR info:
_java_thread_list=0x000001cd6fa0a540, length=89, elements={
0x000001cd38516cc0, 0x000001cd52848760, 0x000001cd52848f00, 0x000001cd52864170,
0x000001cd52865660, 0x000001cd52865f50, 0x000001cd52872850, 0x000001cd52896b80,
0x000001cd52898160, 0x000001cd528a2680, 0x000001cd52ad3f60, 0x000001cd52b41a70,
0x000001cd6cef4b20, 0x000001cd6cba6540, 0x000001cd6c6212a0, 0x000001cd6d2c2850,
0x000001cd6d2bf0a0, 0x000001cd6d2bffd0, 0x000001cd6d2c1920, 0x000001cd6d2c1410,
0x000001cd6d34c060, 0x000001cd6d34ca80, 0x000001cd6d347980, 0x000001cd6d34a200,
0x000001cd6d34cf90, 0x000001cd6d34c570, 0x000001cd6d347470, 0x000001cd6d15e6b0,
0x000001cd70667410, 0x000001cd70668850, 0x000001cd70666f00, 0x000001cd706664e0,
0x000001cd6d14f070, 0x000001cd6d1509c0, 0x000001cd6d150ed0, 0x000001cd6d151e00,
0x000001cd6d152310, 0x000001cd6d14fa90, 0x000001cd6d14f580, 0x000001cd6d1518f0,
0x000001cd6d152820, 0x000001cd6fd2e500, 0x000001cd6fd2dff0, 0x000001cd6fd2ef20,
0x000001cd6c9b90a0, 0x000001cd6e2b9d80, 0x000001cd6e2b9870, 0x000001cd6e726360,
0x000001cd6e726870, 0x000001cd6e2be460, 0x000001cd6e2b7f20, 0x000001cd6e2ba290,
0x000001cd6e2b8430, 0x000001cd6e2bbbe0, 0x000001cd70667920, 0x000001cd6e2bda40,
0x000001cd6e2b8940, 0x000001cd6e2bc0f0, 0x000001cd6e2b8e50, 0x000001cd6e2bc600,
0x000001cd6e2b9360, 0x000001cd706650a0, 0x000001cd6e2bcb10, 0x000001cd6e2bd020,
0x000001cd6e2bd530, 0x000001cd6e2b6ff0, 0x000001cd6e2be970, 0x000001cd6e2b7500,
0x000001cd6e2b7a10, 0x000001cd6e725940, 0x000001cd6e726d80, 0x000001cd6e7277a0,
0x000001cd6d1590a0, 0x000001cd706655b0, 0x000001cd6c9b9fd0, 0x000001cd6d15e1a0,
0x000001cd6d15ebc0, 0x000001cd6d159fd0, 0x000001cd6d158b90, 0x000001cd6d15c340,
0x000001cd6d15af00, 0x000001cd6d15b920, 0x000001cd6d1595b0, 0x000001cd6d15c850,
0x000001cd6d158680, 0x000001cd6d15cd60, 0x000001cd70667e30, 0x000001cd70668340,
0x000001cd6e727290
}

Java Threads: ( => current thread )
  0x000001cd38516cc0 JavaThread "main" [_thread_blocked, id=10900, stack(0x00000091b0100000,0x00000091b0200000)]
  0x000001cd52848760 JavaThread "Reference Handler" daemon [_thread_blocked, id=16108, stack(0x00000091b0800000,0x00000091b0900000)]
  0x000001cd52848f00 JavaThread "Finalizer" daemon [_thread_blocked, id=18332, stack(0x00000091b0900000,0x00000091b0a00000)]
  0x000001cd52864170 JavaThread "Signal Dispatcher" daemon [_thread_blocked, id=10764, stack(0x00000091b0a00000,0x00000091b0b00000)]
  0x000001cd52865660 JavaThread "Attach Listener" daemon [_thread_blocked, id=9240, stack(0x00000091b0b00000,0x00000091b0c00000)]
  0x000001cd52865f50 JavaThread "Service Thread" daemon [_thread_blocked, id=9192, stack(0x00000091b0c00000,0x00000091b0d00000)]
  0x000001cd52872850 JavaThread "Monitor Deflation Thread" daemon [_thread_blocked, id=8540, stack(0x00000091b0d00000,0x00000091b0e00000)]
=>0x000001cd52896b80 JavaThread "C2 CompilerThread0" daemon [_thread_in_native, id=4808, stack(0x00000091b0e00000,0x00000091b0f00000)]
  0x000001cd52898160 JavaThread "C1 CompilerThread0" daemon [_thread_blocked, id=15096, stack(0x00000091b0f00000,0x00000091b1000000)]
  0x000001cd528a2680 JavaThread "Sweeper thread" daemon [_thread_blocked, id=972, stack(0x00000091b1000000,0x00000091b1100000)]
  0x000001cd52ad3f60 JavaThread "Common-Cleaner" daemon [_thread_blocked, id=13608, stack(0x00000091b1100000,0x00000091b1200000)]
  0x000001cd52b41a70 JavaThread "Notification Thread" daemon [_thread_blocked, id=13856, stack(0x00000091b1200000,0x00000091b1300000)]
  0x000001cd6cef4b20 JavaThread "Daemon health stats" [_thread_blocked, id=13196, stack(0x00000091afe00000,0x00000091aff00000)]
  0x000001cd6cba6540 JavaThread "Incoming local TCP Connector on port 59928" [_thread_in_native, id=548, stack(0x00000091b0000000,0x00000091b0100000)]
  0x000001cd6c6212a0 JavaThread "Daemon periodic checks" [_thread_blocked, id=5056, stack(0x00000091b1700000,0x00000091b1800000)]
  0x000001cd6d2c2850 JavaThread "Cache worker for journal cache (C:\Users\USER\.gradle\caches\journal-1)" [_thread_blocked, id=16312, stack(0x00000091b2200000,0x00000091b2300000)]
  0x000001cd6d2bf0a0 JavaThread "File lock request listener" [_thread_in_native, id=18296, stack(0x00000091b2300000,0x00000091b2400000)]
  0x000001cd6d2bffd0 JavaThread "Cache worker for file hash cache (C:\Users\USER\.gradle\caches\8.1.1\fileHashes)" [_thread_blocked, id=8860, stack(0x00000091b2400000,0x00000091b2500000)]
  0x000001cd6d2c1920 JavaThread "File watcher server" daemon [_thread_in_native, id=18284, stack(0x00000091b2600000,0x00000091b2700000)]
  0x000001cd6d2c1410 JavaThread "File watcher consumer" daemon [_thread_blocked, id=13496, stack(0x00000091b2700000,0x00000091b2800000)]
  0x000001cd6d34c060 JavaThread "Cache worker for file content cache (C:\Users\USER\.gradle\caches\8.1.1\fileContent)" [_thread_blocked, id=9856, stack(0x00000091b2a00000,0x00000091b2b00000)]
  0x000001cd6d34ca80 JavaThread "Cache worker for execution history cache (C:\Users\USER\.gradle\caches\8.1.1\executionHistory)" [_thread_blocked, id=14480, stack(0x00000091b2d00000,0x00000091b2e00000)]
  0x000001cd6d347980 JavaThread "jar transforms" [_thread_blocked, id=10344, stack(0x00000091aff00000,0x00000091b0000000)]
  0x000001cd6d34a200 JavaThread "jar transforms Thread 2" [_thread_blocked, id=12816, stack(0x00000091b1800000,0x00000091b1900000)]
  0x000001cd6d34cf90 JavaThread "jar transforms Thread 3" [_thread_blocked, id=18040, stack(0x00000091b2500000,0x00000091b2600000)]
  0x000001cd6d34c570 JavaThread "jar transforms Thread 4" [_thread_blocked, id=9704, stack(0x00000091b3200000,0x00000091b3300000)]
  0x000001cd6d347470 JavaThread "Memory manager" [_thread_blocked, id=13620, stack(0x00000091b2100000,0x00000091b2200000)]
  0x000001cd6d15e6b0 JavaThread "Cache worker for Java compile cache (C:\Users\USER\.gradle\caches\8.1.1\javaCompile)" [_thread_blocked, id=17084, stack(0x00000091b6000000,0x00000091b6100000)]
  0x000001cd70667410 JavaThread "Daemon Thread 7" [_thread_blocked, id=2284, stack(0x00000091b1900000,0x00000091b1a00000)]
  0x000001cd70668850 JavaThread "Handler for socket connection from /127.0.0.1:59928 to /127.0.0.1:60924" [_thread_in_native, id=11596, stack(0x00000091b1a00000,0x00000091b1b00000)]
  0x000001cd70666f00 JavaThread "Cancel handler" [_thread_blocked, id=13220, stack(0x00000091b1b00000,0x00000091b1c00000)]
  0x000001cd706664e0 JavaThread "Daemon worker Thread 7" [_thread_blocked, id=3388, stack(0x00000091b1c00000,0x00000091b1d00000)]
  0x000001cd6d14f070 JavaThread "Asynchronous log dispatcher for DefaultDaemonConnection: socket connection from /127.0.0.1:59928 to /127.0.0.1:60924" [_thread_blocked, id=13048, stack(0x00000091b1d00000,0x00000091b1e00000)]
  0x000001cd6d1509c0 JavaThread "Stdin handler" [_thread_blocked, id=8296, stack(0x00000091b1e00000,0x00000091b1f00000)]
  0x000001cd6d150ed0 JavaThread "Daemon client event forwarder" [_thread_blocked, id=16700, stack(0x00000091b1f00000,0x00000091b2000000)]
  0x000001cd6d151e00 JavaThread "Cache worker for checksums cache (E:\projects\java\quarkus\spring_hr_api\.gradle\8.1.1\checksums)" [_thread_blocked, id=14960, stack(0x00000091b2000000,0x00000091b2100000)]
  0x000001cd6d152310 JavaThread "Cache worker for cache directory md-rule (C:\Users\USER\.gradle\caches\8.1.1\md-rule)" [_thread_blocked, id=17416, stack(0x00000091b2800000,0x00000091b2900000)]
  0x000001cd6d14fa90 JavaThread "Cache worker for file hash cache (E:\projects\java\quarkus\spring_hr_api\.gradle\8.1.1\fileHashes)" [_thread_blocked, id=11896, stack(0x00000091b2900000,0x00000091b2a00000)]
  0x000001cd6d14f580 JavaThread "Cache worker for cache directory md-supplier (C:\Users\USER\.gradle\caches\8.1.1\md-supplier)" [_thread_blocked, id=15932, stack(0x00000091b2b00000,0x00000091b2c00000)]
  0x000001cd6d1518f0 JavaThread "Cache worker for dependencies-accessors (E:\projects\java\quarkus\spring_hr_api\.gradle\8.1.1\dependencies-accessors)" [_thread_blocked, id=12660, stack(0x00000091b2c00000,0x00000091b2d00000)]
  0x000001cd6d152820 JavaThread "Cache worker for Build Output Cleanup Cache (E:\projects\java\quarkus\spring_hr_api\.gradle\buildOutputCleanup)" [_thread_blocked, id=3788, stack(0x00000091b2e00000,0x00000091b2f00000)]
  0x000001cd6fd2e500 JavaThread "Unconstrained build operations" [_thread_blocked, id=13540, stack(0x00000091b2f00000,0x00000091b3000000)]
  0x000001cd6fd2dff0 JavaThread "Unconstrained build operations Thread 2" [_thread_blocked, id=10308, stack(0x00000091b3000000,0x00000091b3100000)]
  0x000001cd6fd2ef20 JavaThread "Unconstrained build operations Thread 3" [_thread_blocked, id=11688, stack(0x00000091b3100000,0x00000091b3200000)]
  0x000001cd6c9b90a0 JavaThread "included builds" [_thread_blocked, id=11188, stack(0x00000091b3300000,0x00000091b3400000)]
  0x000001cd6e2b9d80 JavaThread "Execution worker" [_thread_blocked, id=6616, stack(0x00000091b3400000,0x00000091b3500000)]
  0x000001cd6e2b9870 JavaThread "Execution worker Thread 2" [_thread_blocked, id=16772, stack(0x00000091b3700000,0x00000091b3800000)]
  0x000001cd6e726360 JavaThread "Execution worker Thread 3" [_thread_blocked, id=3540, stack(0x00000091b3800000,0x00000091b3900000)]
  0x000001cd6e726870 JavaThread "Cache worker for execution history cache (E:\projects\java\quarkus\spring_hr_api\.gradle\8.1.1\executionHistory)" [_thread_blocked, id=1224, stack(0x00000091b3900000,0x00000091b3a00000)]
  0x000001cd6e2be460 JavaThread "Unconstrained build operations Thread 4" [_thread_blocked, id=12048, stack(0x00000091b3a00000,0x00000091b3b00000)]
  0x000001cd6e2b7f20 JavaThread "Unconstrained build operations Thread 5" [_thread_blocked, id=9516, stack(0x00000091b3b00000,0x00000091b3c00000)]
  0x000001cd6e2ba290 JavaThread "Unconstrained build operations Thread 6" [_thread_blocked, id=16084, stack(0x00000091b3c00000,0x00000091b3d00000)]
  0x000001cd6e2b8430 JavaThread "Unconstrained build operations Thread 7" [_thread_blocked, id=4084, stack(0x00000091b3d00000,0x00000091b3e00000)]
  0x000001cd6e2bbbe0 JavaThread "Unconstrained build operations Thread 8" [_thread_blocked, id=13016, stack(0x00000091b3e00000,0x00000091b3f00000)]
  0x000001cd70667920 JavaThread "Unconstrained build operations Thread 9" [_thread_blocked, id=8944, stack(0x00000091b3f00000,0x00000091b4000000)]
  0x000001cd6e2bda40 JavaThread "Unconstrained build operations Thread 10" [_thread_blocked, id=18216, stack(0x00000091b4000000,0x00000091b4100000)]
  0x000001cd6e2b8940 JavaThread "Unconstrained build operations Thread 11" [_thread_blocked, id=12716, stack(0x00000091b4100000,0x00000091b4200000)]
  0x000001cd6e2bc0f0 JavaThread "Unconstrained build operations Thread 12" [_thread_blocked, id=4332, stack(0x00000091b4200000,0x00000091b4300000)]
  0x000001cd6e2b8e50 JavaThread "Unconstrained build operations Thread 13" [_thread_blocked, id=4416, stack(0x00000091b4300000,0x00000091b4400000)]
  0x000001cd6e2bc600 JavaThread "Unconstrained build operations Thread 14" [_thread_blocked, id=380, stack(0x00000091b4400000,0x00000091b4500000)]
  0x000001cd6e2b9360 JavaThread "Unconstrained build operations Thread 15" [_thread_blocked, id=11248, stack(0x00000091b4500000,0x00000091b4600000)]
  0x000001cd706650a0 JavaThread "Unconstrained build operations Thread 16" [_thread_blocked, id=11564, stack(0x00000091b4600000,0x00000091b4700000)]
  0x000001cd6e2bcb10 JavaThread "Unconstrained build operations Thread 17" [_thread_blocked, id=15316, stack(0x00000091b4700000,0x00000091b4800000)]
  0x000001cd6e2bd020 JavaThread "Unconstrained build operations Thread 18" [_thread_blocked, id=15976, stack(0x00000091b4800000,0x00000091b4900000)]
  0x000001cd6e2bd530 JavaThread "Unconstrained build operations Thread 19" [_thread_blocked, id=4440, stack(0x00000091b4900000,0x00000091b4a00000)]
  0x000001cd6e2b6ff0 JavaThread "Unconstrained build operations Thread 20" [_thread_blocked, id=17984, stack(0x00000091b4a00000,0x00000091b4b00000)]
  0x000001cd6e2be970 JavaThread "Unconstrained build operations Thread 21" [_thread_blocked, id=17156, stack(0x00000091b4b00000,0x00000091b4c00000)]
  0x000001cd6e2b7500 JavaThread "Unconstrained build operations Thread 22" [_thread_blocked, id=11000, stack(0x00000091b4c00000,0x00000091b4d00000)]
  0x000001cd6e2b7a10 JavaThread "Unconstrained build operations Thread 23" [_thread_blocked, id=17808, stack(0x00000091b4d00000,0x00000091b4e00000)]
  0x000001cd6e725940 JavaThread "Unconstrained build operations Thread 24" [_thread_blocked, id=11120, stack(0x00000091b4e00000,0x00000091b4f00000)]
  0x000001cd6e726d80 JavaThread "Unconstrained build operations Thread 25" [_thread_blocked, id=11132, stack(0x00000091b4f00000,0x00000091b5000000)]
  0x000001cd6e7277a0 JavaThread "Unconstrained build operations Thread 26" [_thread_blocked, id=9660, stack(0x00000091b5000000,0x00000091b5100000)]
  0x000001cd6d1590a0 JavaThread "Unconstrained build operations Thread 27" [_thread_blocked, id=18208, stack(0x00000091b5100000,0x00000091b5200000)]
  0x000001cd706655b0 JavaThread "Unconstrained build operations Thread 28" [_thread_blocked, id=9620, stack(0x00000091b5200000,0x00000091b5300000)]
  0x000001cd6c9b9fd0 JavaThread "Unconstrained build operations Thread 29" [_thread_blocked, id=18328, stack(0x00000091b5300000,0x00000091b5400000)]
  0x000001cd6d15e1a0 JavaThread "Unconstrained build operations Thread 30" [_thread_blocked, id=16612, stack(0x00000091b5400000,0x00000091b5500000)]
  0x000001cd6d15ebc0 JavaThread "Unconstrained build operations Thread 31" [_thread_blocked, id=16216, stack(0x00000091b5500000,0x00000091b5600000)]
  0x000001cd6d159fd0 JavaThread "Unconstrained build operations Thread 32" [_thread_blocked, id=18428, stack(0x00000091b5600000,0x00000091b5700000)]
  0x000001cd6d158b90 JavaThread "Unconstrained build operations Thread 33" [_thread_blocked, id=17840, stack(0x00000091b5700000,0x00000091b5800000)]
  0x000001cd6d15c340 JavaThread "Unconstrained build operations Thread 34" [_thread_blocked, id=13068, stack(0x00000091b5800000,0x00000091b5900000)]
  0x000001cd6d15af00 JavaThread "Unconstrained build operations Thread 35" [_thread_blocked, id=17580, stack(0x00000091b5900000,0x00000091b5a00000)]
  0x000001cd6d15b920 JavaThread "Unconstrained build operations Thread 36" [_thread_blocked, id=1116, stack(0x00000091b5a00000,0x00000091b5b00000)]
  0x000001cd6d1595b0 JavaThread "Unconstrained build operations Thread 37" [_thread_blocked, id=8132, stack(0x00000091b5b00000,0x00000091b5c00000)]
  0x000001cd6d15c850 JavaThread "Unconstrained build operations Thread 38" [_thread_blocked, id=15696, stack(0x00000091b5c00000,0x00000091b5d00000)]
  0x000001cd6d158680 JavaThread "Unconstrained build operations Thread 39" [_thread_blocked, id=5096, stack(0x00000091b5d00000,0x00000091b5e00000)]
  0x000001cd6d15cd60 JavaThread "Unconstrained build operations Thread 40" [_thread_blocked, id=9040, stack(0x00000091b5e00000,0x00000091b5f00000)]
  0x000001cd70667e30 JavaThread "Exec process Thread 9" [_thread_in_native, id=11240, stack(0x00000091b6100000,0x00000091b6200000)]
  0x000001cd70668340 JavaThread "Exec process Thread 10" [_thread_in_native, id=12948, stack(0x00000091b6200000,0x00000091b6300000)]
  0x000001cd6e727290 JavaThread "Exec process Thread 11" [_thread_blocked, id=17464, stack(0x00000091b6300000,0x00000091b6400000)]

Other Threads:
  0x000001cd528442b0 VMThread "VM Thread" [stack: 0x00000091b0700000,0x00000091b0800000] [id=4532]
  0x000001cd52ba9440 WatcherThread [stack: 0x00000091b1300000,0x00000091b1400000] [id=2680]
  0x000001cd3853e140 GCTaskThread "GC Thread#0" [stack: 0x00000091b0200000,0x00000091b0300000] [id=604]
  0x000001cd6c17ca20 GCTaskThread "GC Thread#1" [stack: 0x00000091b1400000,0x00000091b1500000] [id=11208]
  0x000001cd52c12c80 GCTaskThread "GC Thread#2" [stack: 0x00000091b1500000,0x00000091b1600000] [id=17072]
  0x000001cd6c3217d0 GCTaskThread "GC Thread#3" [stack: 0x00000091b1600000,0x00000091b1700000] [id=5404]
  0x000001cd38543eb0 ConcurrentGCThread "G1 Main Marker" [stack: 0x00000091b0300000,0x00000091b0400000] [id=5348]
  0x000001cd385456f0 ConcurrentGCThread "G1 Conc#0" [stack: 0x00000091b0400000,0x00000091b0500000] [id=4080]
  0x000001cd5270a500 ConcurrentGCThread "G1 Refine#0" [stack: 0x00000091b0500000,0x00000091b0600000] [id=9592]
  0x000001cd6f5a5000 ConcurrentGCThread "G1 Refine#1" [stack: 0x00000091b3500000,0x00000091b3600000] [id=2888]
  0x000001cd6f5a6490 ConcurrentGCThread "G1 Refine#2" [stack: 0x00000091b3600000,0x00000091b3700000] [id=2964]
  0x000001cd6ee44e10 ConcurrentGCThread "G1 Refine#3" [stack: 0x00000091b5f00000,0x00000091b6000000] [id=6252]
  0x000001cd5270a950 ConcurrentGCThread "G1 Service" [stack: 0x00000091b0600000,0x00000091b0700000] [id=10080]

Threads with active compile tasks:
C2 CompilerThread0  7513960 30885   !   4       java.io.ObjectOutputStream::writeObject0 (620 bytes)

VM state: not at safepoint (normal execution)

VM Mutex/Monitor currently owned by a thread: None

OutOfMemory and StackOverflow Exception counts:
StackOverflowErrors=1
LinkageErrors=209

Heap address: 0x00000000e0000000, size: 512 MB, Compressed Oops mode: 32-bit

CDS archive(s) mapped at: [0x000001cd53000000-0x000001cd53bb0000-0x000001cd53bb0000), size 12255232, SharedBaseAddress: 0x000001cd53000000, ArchiveRelocationMode: 1.
Compressed class space mapped at: 0x000001cd54000000-0x000001cd68000000, reserved size: 335544320
Narrow klass base: 0x000001cd53000000, Narrow klass shift: 0, Narrow klass range: 0x100000000

GC Precious Log:
 CPUs: 4 total, 4 available
 Memory: 8105M
 Large Page Support: Disabled
 NUMA Support: Disabled
 Compressed Oops: Enabled (32-bit)
 Heap Region Size: 1M
 Heap Min Capacity: 256M
 Heap Initial Capacity: 256M
 Heap Max Capacity: 512M
 Pre-touch: Disabled
 Parallel Workers: 4
 Concurrent Workers: 1
 Concurrent Refinement Workers: 4
 Periodic GC: Disabled

Heap:
 garbage-first heap   total 352256K, used 118184K [0x00000000e0000000, 0x0000000100000000)
  region size 1024K, 19 young (19456K), 3 survivors (3072K)
 Metaspace       used 83462K, committed 84736K, reserved 458752K
  class space    used 10381K, committed 10880K, reserved 327680K

Heap Regions: E=young(eden), S=young(survivor), O=old, HS=humongous(starts), HC=humongous(continues), CS=collection set, F=free, OA=open archive, CA=closed archive, TAMS=top-at-mark-start (previous, next)
|   0|0x00000000e0000000, 0x00000000e0100000, 0x00000000e0100000|100%| O|  |TAMS 0x00000000e0100000, 0x00000000e0000000| Untracked 
|   1|0x00000000e0100000, 0x00000000e0200000, 0x00000000e0200000|100%| O|  |TAMS 0x00000000e0200000, 0x00000000e0100000| Untracked 
|   2|0x00000000e0200000, 0x00000000e0300000, 0x00000000e0300000|100%|HS|  |TAMS 0x00000000e0300000, 0x00000000e0200000| Complete 
|   3|0x00000000e0300000, 0x00000000e0400000, 0x00000000e0400000|100%|HC|  |TAMS 0x00000000e0400000, 0x00000000e0300000| Complete 
|   4|0x00000000e0400000, 0x00000000e0500000, 0x00000000e0500000|100%|HC|  |TAMS 0x00000000e0500000, 0x00000000e0400000| Complete 
|   5|0x00000000e0500000, 0x00000000e0600000, 0x00000000e0600000|100%|HC|  |TAMS 0x00000000e0600000, 0x00000000e0500000| Complete 
|   6|0x00000000e0600000, 0x00000000e0700000, 0x00000000e0700000|100%| O|  |TAMS 0x00000000e0700000, 0x00000000e0600000| Untracked 
|   7|0x00000000e0700000, 0x00000000e0800000, 0x00000000e0800000|100%| O|  |TAMS 0x00000000e0800000, 0x00000000e0700000| Untracked 
|   8|0x00000000e0800000, 0x00000000e0900000, 0x00000000e0900000|100%| O|  |TAMS 0x00000000e0900000, 0x00000000e0800000| Untracked 
|   9|0x00000000e0900000, 0x00000000e0a00000, 0x00000000e0a00000|100%| O|  |TAMS 0x00000000e0a00000, 0x00000000e0900000| Untracked 
|  10|0x00000000e0a00000, 0x00000000e0b00000, 0x00000000e0b00000|100%| O|  |TAMS 0x00000000e0b00000, 0x00000000e0a00000| Untracked 
|  11|0x00000000e0b00000, 0x00000000e0c00000, 0x00000000e0c00000|100%| O|  |TAMS 0x00000000e0c00000, 0x00000000e0b00000| Untracked 
|  12|0x00000000e0c00000, 0x00000000e0d00000, 0x00000000e0d00000|100%| O|  |TAMS 0x00000000e0d00000, 0x00000000e0c00000| Untracked 
|  13|0x00000000e0d00000, 0x00000000e0e00000, 0x00000000e0e00000|100%| O|  |TAMS 0x00000000e0e00000, 0x00000000e0d00000| Untracked 
|  14|0x00000000e0e00000, 0x00000000e0f00000, 0x00000000e0f00000|100%| O|  |TAMS 0x00000000e0f00000, 0x00000000e0e00000| Untracked 
|  15|0x00000000e0f00000, 0x00000000e1000000, 0x00000000e1000000|100%| O|  |TAMS 0x00000000e1000000, 0x00000000e0f00000| Untracked 
|  16|0x00000000e1000000, 0x00000000e1100000, 0x00000000e1100000|100%| O|  |TAMS 0x00000000e1100000, 0x00000000e1000000| Untracked 
|  17|0x00000000e1100000, 0x00000000e1200000, 0x00000000e1200000|100%| O|  |TAMS 0x00000000e1200000, 0x00000000e1100000| Untracked 
|  18|0x00000000e1200000, 0x00000000e1300000, 0x00000000e1300000|100%| O|  |TAMS 0x00000000e1300000, 0x00000000e1200000| Untracked 
|  19|0x00000000e1300000, 0x00000000e1400000, 0x00000000e1400000|100%| O|  |TAMS 0x00000000e1400000, 0x00000000e1300000| Untracked 
|  20|0x00000000e1400000, 0x00000000e1500000, 0x00000000e1500000|100%| O|  |TAMS 0x00000000e1500000, 0x00000000e1400000| Untracked 
|  21|0x00000000e1500000, 0x00000000e1600000, 0x00000000e1600000|100%| O|  |TAMS 0x00000000e1600000, 0x00000000e1500000| Untracked 
|  22|0x00000000e1600000, 0x00000000e1700000, 0x00000000e1700000|100%| O|  |TAMS 0x00000000e1700000, 0x00000000e1600000| Untracked 
|  23|0x00000000e1700000, 0x00000000e1800000, 0x00000000e1800000|100%| O|  |TAMS 0x00000000e1800000, 0x00000000e1700000| Untracked 
|  24|0x00000000e1800000, 0x00000000e1900000, 0x00000000e1900000|100%| O|  |TAMS 0x00000000e1900000, 0x00000000e1800000| Untracked 
|  25|0x00000000e1900000, 0x00000000e1a00000, 0x00000000e1a00000|100%| O|  |TAMS 0x00000000e1a00000, 0x00000000e1900000| Untracked 
|  26|0x00000000e1a00000, 0x00000000e1b00000, 0x00000000e1b00000|100%| O|  |TAMS 0x00000000e1b00000, 0x00000000e1a00000| Complete 
|  27|0x00000000e1b00000, 0x00000000e1c00000, 0x00000000e1c00000|100%| O|  |TAMS 0x00000000e1c00000, 0x00000000e1b00000| Untracked 
|  28|0x00000000e1c00000, 0x00000000e1d00000, 0x00000000e1d00000|100%| O|  |TAMS 0x00000000e1d00000, 0x00000000e1c00000| Untracked 
|  29|0x00000000e1d00000, 0x00000000e1e00000, 0x00000000e1e00000|100%| O|  |TAMS 0x00000000e1e00000, 0x00000000e1d00000| Untracked 
|  30|0x00000000e1e00000, 0x00000000e1f00000, 0x00000000e1f00000|100%|HS|  |TAMS 0x00000000e1e00000, 0x00000000e1e00000| Complete 
|  31|0x00000000e1f00000, 0x00000000e2000000, 0x00000000e2000000|100%| O|  |TAMS 0x00000000e2000000, 0x00000000e1f00000| Untracked 
|  32|0x00000000e2000000, 0x00000000e2100000, 0x00000000e2100000|100%| O|  |TAMS 0x00000000e2100000, 0x00000000e2000000| Untracked 
|  33|0x00000000e2100000, 0x00000000e2200000, 0x00000000e2200000|100%| O|  |TAMS 0x00000000e2200000, 0x00000000e2100000| Untracked 
|  34|0x00000000e2200000, 0x00000000e2300000, 0x00000000e2300000|100%| O|  |TAMS 0x00000000e2300000, 0x00000000e2200000| Untracked 
|  35|0x00000000e2300000, 0x00000000e2400000, 0x00000000e2400000|100%| O|  |TAMS 0x00000000e2400000, 0x00000000e2300000| Untracked 
|  36|0x00000000e2400000, 0x00000000e2500000, 0x00000000e2500000|100%| O|  |TAMS 0x00000000e2500000, 0x00000000e2400000| Untracked 
|  37|0x00000000e2500000, 0x00000000e2600000, 0x00000000e2600000|100%| O|  |TAMS 0x00000000e2600000, 0x00000000e2500000| Untracked 
|  38|0x00000000e2600000, 0x00000000e2700000, 0x00000000e2700000|100%| O|  |TAMS 0x00000000e2700000, 0x00000000e2600000| Untracked 
|  39|0x00000000e2700000, 0x00000000e2800000, 0x00000000e2800000|100%| O|  |TAMS 0x00000000e2800000, 0x00000000e2700000| Untracked 
|  40|0x00000000e2800000, 0x00000000e2900000, 0x00000000e2900000|100%| O|  |TAMS 0x00000000e2900000, 0x00000000e2800000| Untracked 
|  41|0x00000000e2900000, 0x00000000e2a00000, 0x00000000e2a00000|100%|HS|  |TAMS 0x00000000e2900000, 0x00000000e2900000| Complete 
|  42|0x00000000e2a00000, 0x00000000e2b00000, 0x00000000e2b00000|100%| O|  |TAMS 0x00000000e2b00000, 0x00000000e2a00000| Complete 
|  43|0x00000000e2b00000, 0x00000000e2c00000, 0x00000000e2c00000|100%| O|  |TAMS 0x00000000e2c00000, 0x00000000e2b00000| Untracked 
|  44|0x00000000e2c00000, 0x00000000e2d00000, 0x00000000e2d00000|100%| O|  |TAMS 0x00000000e2d00000, 0x00000000e2c00000| Untracked 
|  45|0x00000000e2d00000, 0x00000000e2e00000, 0x00000000e2e00000|100%| O|  |TAMS 0x00000000e2e00000, 0x00000000e2d00000| Untracked 
|  46|0x00000000e2e00000, 0x00000000e2f00000, 0x00000000e2f00000|100%| O|  |TAMS 0x00000000e2f00000, 0x00000000e2e00000| Untracked 
|  47|0x00000000e2f00000, 0x00000000e3000000, 0x00000000e3000000|100%| O|  |TAMS 0x00000000e3000000, 0x00000000e2f00000| Untracked 
|  48|0x00000000e3000000, 0x00000000e3000000, 0x00000000e3100000|  0%| F|  |TAMS 0x00000000e3000000, 0x00000000e3000000| Untracked 
|  49|0x00000000e3100000, 0x00000000e3200000, 0x00000000e3200000|100%| O|  |TAMS 0x00000000e3200000, 0x00000000e3100000| Untracked 
|  50|0x00000000e3200000, 0x00000000e3300000, 0x00000000e3300000|100%| O|  |TAMS 0x00000000e3300000, 0x00000000e3200000| Untracked 
|  51|0x00000000e3300000, 0x00000000e3400000, 0x00000000e3400000|100%| O|  |TAMS 0x00000000e3400000, 0x00000000e3300000| Untracked 
|  52|0x00000000e3400000, 0x00000000e3500000, 0x00000000e3500000|100%| O|  |TAMS 0x00000000e3500000, 0x00000000e3400000| Untracked 
|  53|0x00000000e3500000, 0x00000000e3600000, 0x00000000e3600000|100%| O|  |TAMS 0x00000000e3600000, 0x00000000e3500000| Untracked 
|  54|0x00000000e3600000, 0x00000000e3700000, 0x00000000e3700000|100%| O|  |TAMS 0x00000000e3700000, 0x00000000e3600000| Untracked 
|  55|0x00000000e3700000, 0x00000000e3700000, 0x00000000e3800000|  0%| F|  |TAMS 0x00000000e3700000, 0x00000000e3700000| Untracked 
|  56|0x00000000e3800000, 0x00000000e3900000, 0x00000000e3900000|100%| O|  |TAMS 0x00000000e3900000, 0x00000000e3800000| Untracked 
|  57|0x00000000e3900000, 0x00000000e3a00000, 0x00000000e3a00000|100%| O|  |TAMS 0x00000000e3a00000, 0x00000000e3900000| Untracked 
|  58|0x00000000e3a00000, 0x00000000e3b00000, 0x00000000e3b00000|100%| O|  |TAMS 0x00000000e3b00000, 0x00000000e3a00000| Untracked 
|  59|0x00000000e3b00000, 0x00000000e3c00000, 0x00000000e3c00000|100%| O|  |TAMS 0x00000000e3c00000, 0x00000000e3b00000| Untracked 
|  60|0x00000000e3c00000, 0x00000000e3d00000, 0x00000000e3d00000|100%| O|  |TAMS 0x00000000e3d00000, 0x00000000e3c00000| Untracked 
|  61|0x00000000e3d00000, 0x00000000e3e00000, 0x00000000e3e00000|100%| O|  |TAMS 0x00000000e3e00000, 0x00000000e3d00000| Untracked 
|  62|0x00000000e3e00000, 0x00000000e3f00000, 0x00000000e3f00000|100%| O|  |TAMS 0x00000000e3f00000, 0x00000000e3e00000| Untracked 
|  63|0x00000000e3f00000, 0x00000000e4000000, 0x00000000e4000000|100%| O|  |TAMS 0x00000000e4000000, 0x00000000e3f00000| Complete 
|  64|0x00000000e4000000, 0x00000000e4100000, 0x00000000e4100000|100%| O|  |TAMS 0x00000000e4100000, 0x00000000e4000000| Untracked 
|  65|0x00000000e4100000, 0x00000000e4200000, 0x00000000e4200000|100%| O|  |TAMS 0x00000000e4200000, 0x00000000e4100000| Untracked 
|  66|0x00000000e4200000, 0x00000000e4200000, 0x00000000e4300000|  0%| F|  |TAMS 0x00000000e4200000, 0x00000000e4200000| Untracked 
|  67|0x00000000e4300000, 0x00000000e4400000, 0x00000000e4400000|100%| O|  |TAMS 0x00000000e4400000, 0x00000000e4300000| Untracked 
|  68|0x00000000e4400000, 0x00000000e4500000, 0x00000000e4500000|100%| O|  |TAMS 0x00000000e4500000, 0x00000000e4400000| Untracked 
|  69|0x00000000e4500000, 0x00000000e4600000, 0x00000000e4600000|100%| O|  |TAMS 0x00000000e4600000, 0x00000000e4500000| Untracked 
|  70|0x00000000e4600000, 0x00000000e4700000, 0x00000000e4700000|100%| O|  |TAMS 0x00000000e4700000, 0x00000000e4600000| Untracked 
|  71|0x00000000e4700000, 0x00000000e4800000, 0x00000000e4800000|100%| O|  |TAMS 0x00000000e4800000, 0x00000000e4700000| Untracked 
|  72|0x00000000e4800000, 0x00000000e4900000, 0x00000000e4900000|100%| O|  |TAMS 0x00000000e4900000, 0x00000000e4800000| Untracked 
|  73|0x00000000e4900000, 0x00000000e4a00000, 0x00000000e4a00000|100%| O|  |TAMS 0x00000000e4a00000, 0x00000000e4900000| Complete 
|  74|0x00000000e4a00000, 0x00000000e4b00000, 0x00000000e4b00000|100%| O|  |TAMS 0x00000000e4b00000, 0x00000000e4a00000| Complete 
|  75|0x00000000e4b00000, 0x00000000e4b00000, 0x00000000e4c00000|  0%| F|  |TAMS 0x00000000e4b00000, 0x00000000e4b00000| Untracked 
|  76|0x00000000e4c00000, 0x00000000e4d00000, 0x00000000e4d00000|100%| O|  |TAMS 0x00000000e4d00000, 0x00000000e4c00000| Untracked 
|  77|0x00000000e4d00000, 0x00000000e4e00000, 0x00000000e4e00000|100%| O|  |TAMS 0x00000000e4e00000, 0x00000000e4d00000| Untracked 
|  78|0x00000000e4e00000, 0x00000000e4f00000, 0x00000000e4f00000|100%| O|  |TAMS 0x00000000e4f00000, 0x00000000e4e00000| Untracked 
|  79|0x00000000e4f00000, 0x00000000e5000000, 0x00000000e5000000|100%| O|  |TAMS 0x00000000e5000000, 0x00000000e4f00000| Untracked 
|  80|0x00000000e5000000, 0x00000000e5100000, 0x00000000e5100000|100%| O|  |TAMS 0x00000000e5100000, 0x00000000e5000000| Untracked 
|  81|0x00000000e5100000, 0x00000000e5200000, 0x00000000e5200000|100%| O|  |TAMS 0x00000000e5200000, 0x00000000e5100000| Untracked 
|  82|0x00000000e5200000, 0x00000000e5300000, 0x00000000e5300000|100%| O|  |TAMS 0x00000000e5300000, 0x00000000e5200000| Untracked 
|  83|0x00000000e5300000, 0x00000000e5300000, 0x00000000e5400000|  0%| F|  |TAMS 0x00000000e5300000, 0x00000000e5300000| Untracked 
|  84|0x00000000e5400000, 0x00000000e5500000, 0x00000000e5500000|100%| O|  |TAMS 0x00000000e5500000, 0x00000000e5400000| Untracked 
|  85|0x00000000e5500000, 0x00000000e5600000, 0x00000000e5600000|100%| O|  |TAMS 0x00000000e5600000, 0x00000000e5500000| Untracked 
|  86|0x00000000e5600000, 0x00000000e5700000, 0x00000000e5700000|100%| O|  |TAMS 0x00000000e5700000, 0x00000000e5600000| Untracked 
|  87|0x00000000e5700000, 0x00000000e5800000, 0x00000000e5800000|100%| O|  |TAMS 0x00000000e5800000, 0x00000000e5700000| Untracked 
|  88|0x00000000e5800000, 0x00000000e586a800, 0x00000000e5900000| 41%| O|  |TAMS 0x00000000e586a800, 0x00000000e5800000| Complete 
|  89|0x00000000e5900000, 0x00000000e5a00000, 0x00000000e5a00000|100%| O|  |TAMS 0x00000000e5a00000, 0x00000000e5900000| Untracked 
|  90|0x00000000e5a00000, 0x00000000e5a00000, 0x00000000e5b00000|  0%| F|  |TAMS 0x00000000e5a00000, 0x00000000e5a00000| Untracked 
|  91|0x00000000e5b00000, 0x00000000e5b00000, 0x00000000e5c00000|  0%| F|  |TAMS 0x00000000e5b00000, 0x00000000e5b00000| Untracked 
|  92|0x00000000e5c00000, 0x00000000e5c00000, 0x00000000e5d00000|  0%| F|  |TAMS 0x00000000e5c00000, 0x00000000e5c00000| Untracked 
|  93|0x00000000e5d00000, 0x00000000e5d00000, 0x00000000e5e00000|  0%| F|  |TAMS 0x00000000e5d00000, 0x00000000e5d00000| Untracked 
|  94|0x00000000e5e00000, 0x00000000e5e00000, 0x00000000e5f00000|  0%| F|  |TAMS 0x00000000e5e00000, 0x00000000e5e00000| Untracked 
|  95|0x00000000e5f00000, 0x00000000e5f00000, 0x00000000e6000000|  0%| F|  |TAMS 0x00000000e5f00000, 0x00000000e5f00000| Untracked 
|  96|0x00000000e6000000, 0x00000000e6000000, 0x00000000e6100000|  0%| F|  |TAMS 0x00000000e6000000, 0x00000000e6000000| Untracked 
|  97|0x00000000e6100000, 0x00000000e6200000, 0x00000000e6200000|100%| O|  |TAMS 0x00000000e6200000, 0x00000000e6100000| Complete 
|  98|0x00000000e6200000, 0x00000000e6300000, 0x00000000e6300000|100%| O|  |TAMS 0x00000000e6300000, 0x00000000e6200000| Complete 
|  99|0x00000000e6300000, 0x00000000e6400000, 0x00000000e6400000|100%| O|  |TAMS 0x00000000e6400000, 0x00000000e6300000| Complete 
| 100|0x00000000e6400000, 0x00000000e6500000, 0x00000000e6500000|100%| O|  |TAMS 0x00000000e6500000, 0x00000000e6400000| Complete 
| 101|0x00000000e6500000, 0x00000000e6500000, 0x00000000e6600000|  0%| F|  |TAMS 0x00000000e6500000, 0x00000000e6500000| Untracked 
| 102|0x00000000e6600000, 0x00000000e6700000, 0x00000000e6700000|100%| O|  |TAMS 0x00000000e6700000, 0x00000000e6600000| Complete 
| 103|0x00000000e6700000, 0x00000000e6700000, 0x00000000e6800000|  0%| F|  |TAMS 0x00000000e6700000, 0x00000000e6700000| Untracked 
| 104|0x00000000e6800000, 0x00000000e6900000, 0x00000000e6900000|100%| O|  |TAMS 0x00000000e6900000, 0x00000000e6800000| Complete 
| 105|0x00000000e6900000, 0x00000000e6900000, 0x00000000e6a00000|  0%| F|  |TAMS 0x00000000e6900000, 0x00000000e6900000| Untracked 
| 106|0x00000000e6a00000, 0x00000000e6a00000, 0x00000000e6b00000|  0%| F|  |TAMS 0x00000000e6a00000, 0x00000000e6a00000| Untracked 
| 107|0x00000000e6b00000, 0x00000000e6b00000, 0x00000000e6c00000|  0%| F|  |TAMS 0x00000000e6b00000, 0x00000000e6b00000| Untracked 
| 108|0x00000000e6c00000, 0x00000000e6c00000, 0x00000000e6d00000|  0%| F|  |TAMS 0x00000000e6c00000, 0x00000000e6c00000| Untracked 
| 109|0x00000000e6d00000, 0x00000000e6d00000, 0x00000000e6e00000|  0%| F|  |TAMS 0x00000000e6d00000, 0x00000000e6d00000| Untracked 
| 110|0x00000000e6e00000, 0x00000000e6f00000, 0x00000000e6f00000|100%| O|  |TAMS 0x00000000e6f00000, 0x00000000e6e00000| Complete 
| 111|0x00000000e6f00000, 0x00000000e6f00000, 0x00000000e7000000|  0%| F|  |TAMS 0x00000000e6f00000, 0x00000000e6f00000| Untracked 
| 112|0x00000000e7000000, 0x00000000e7000000, 0x00000000e7100000|  0%| F|  |TAMS 0x00000000e7000000, 0x00000000e7000000| Untracked 
| 113|0x00000000e7100000, 0x00000000e7100000, 0x00000000e7200000|  0%| F|  |TAMS 0x00000000e7100000, 0x00000000e7100000| Untracked 
| 114|0x00000000e7200000, 0x00000000e7200000, 0x00000000e7300000|  0%| F|  |TAMS 0x00000000e7200000, 0x00000000e7200000| Untracked 
| 115|0x00000000e7300000, 0x00000000e7300000, 0x00000000e7400000|  0%| F|  |TAMS 0x00000000e7300000, 0x00000000e7300000| Untracked 
| 116|0x00000000e7400000, 0x00000000e7400000, 0x00000000e7500000|  0%| F|  |TAMS 0x00000000e7400000, 0x00000000e7400000| Untracked 
| 117|0x00000000e7500000, 0x00000000e7500000, 0x00000000e7600000|  0%| F|  |TAMS 0x00000000e7500000, 0x00000000e7500000| Untracked 
| 118|0x00000000e7600000, 0x00000000e7600000, 0x00000000e7700000|  0%| F|  |TAMS 0x00000000e7600000, 0x00000000e7600000| Untracked 
| 119|0x00000000e7700000, 0x00000000e7700000, 0x00000000e7800000|  0%| F|  |TAMS 0x00000000e7700000, 0x00000000e7700000| Untracked 
| 120|0x00000000e7800000, 0x00000000e7800000, 0x00000000e7900000|  0%| F|  |TAMS 0x00000000e7800000, 0x00000000e7800000| Untracked 
| 121|0x00000000e7900000, 0x00000000e7900000, 0x00000000e7a00000|  0%| F|  |TAMS 0x00000000e7900000, 0x00000000e7900000| Untracked 
| 122|0x00000000e7a00000, 0x00000000e7a00000, 0x00000000e7b00000|  0%| F|  |TAMS 0x00000000e7a00000, 0x00000000e7a00000| Untracked 
| 123|0x00000000e7b00000, 0x00000000e7b00000, 0x00000000e7c00000|  0%| F|  |TAMS 0x00000000e7b00000, 0x00000000e7b00000| Untracked 
| 124|0x00000000e7c00000, 0x00000000e7c00000, 0x00000000e7d00000|  0%| F|  |TAMS 0x00000000e7c00000, 0x00000000e7c00000| Untracked 
| 125|0x00000000e7d00000, 0x00000000e7d00000, 0x00000000e7e00000|  0%| F|  |TAMS 0x00000000e7d00000, 0x00000000e7d00000| Untracked 
| 126|0x00000000e7e00000, 0x00000000e7f00000, 0x00000000e7f00000|100%| O|  |TAMS 0x00000000e7f00000, 0x00000000e7e00000| Untracked 
| 127|0x00000000e7f00000, 0x00000000e7f00000, 0x00000000e8000000|  0%| F|  |TAMS 0x00000000e7f00000, 0x00000000e7f00000| Untracked 
| 128|0x00000000e8000000, 0x00000000e8100000, 0x00000000e8100000|100%| O|  |TAMS 0x00000000e8100000, 0x00000000e8000000| Untracked 
| 129|0x00000000e8100000, 0x00000000e8200000, 0x00000000e8200000|100%| O|  |TAMS 0x00000000e8200000, 0x00000000e8100000| Untracked 
| 130|0x00000000e8200000, 0x00000000e8300000, 0x00000000e8300000|100%| O|  |TAMS 0x00000000e8300000, 0x00000000e8200000| Untracked 
| 131|0x00000000e8300000, 0x00000000e8300000, 0x00000000e8400000|  0%| F|  |TAMS 0x00000000e8300000, 0x00000000e8300000| Untracked 
| 132|0x00000000e8400000, 0x00000000e8500000, 0x00000000e8500000|100%| O|  |TAMS 0x00000000e8500000, 0x00000000e8400000| Untracked 
| 133|0x00000000e8500000, 0x00000000e8500000, 0x00000000e8600000|  0%| F|  |TAMS 0x00000000e8500000, 0x00000000e8500000| Untracked 
| 134|0x00000000e8600000, 0x00000000e8600000, 0x00000000e8700000|  0%| F|  |TAMS 0x00000000e8600000, 0x00000000e8600000| Untracked 
| 135|0x00000000e8700000, 0x00000000e8700000, 0x00000000e8800000|  0%| F|  |TAMS 0x00000000e8700000, 0x00000000e8700000| Untracked 
| 136|0x00000000e8800000, 0x00000000e8800000, 0x00000000e8900000|  0%| F|  |TAMS 0x00000000e8800000, 0x00000000e8800000| Untracked 
| 137|0x00000000e8900000, 0x00000000e8900000, 0x00000000e8a00000|  0%| F|  |TAMS 0x00000000e8900000, 0x00000000e8900000| Untracked 
| 138|0x00000000e8a00000, 0x00000000e8a00000, 0x00000000e8b00000|  0%| F|  |TAMS 0x00000000e8a00000, 0x00000000e8a00000| Untracked 
| 139|0x00000000e8b00000, 0x00000000e8c00000, 0x00000000e8c00000|100%| O|  |TAMS 0x00000000e8c00000, 0x00000000e8b00000| Complete 
| 140|0x00000000e8c00000, 0x00000000e8c00000, 0x00000000e8d00000|  0%| F|  |TAMS 0x00000000e8c00000, 0x00000000e8c00000| Untracked 
| 141|0x00000000e8d00000, 0x00000000e8e00000, 0x00000000e8e00000|100%| O|  |TAMS 0x00000000e8e00000, 0x00000000e8d00000| Untracked 
| 142|0x00000000e8e00000, 0x00000000e8e00000, 0x00000000e8f00000|  0%| F|  |TAMS 0x00000000e8e00000, 0x00000000e8e00000| Untracked 
| 143|0x00000000e8f00000, 0x00000000e8f00000, 0x00000000e9000000|  0%| F|  |TAMS 0x00000000e8f00000, 0x00000000e8f00000| Untracked 
| 144|0x00000000e9000000, 0x00000000e9000000, 0x00000000e9100000|  0%| F|  |TAMS 0x00000000e9000000, 0x00000000e9000000| Untracked 
| 145|0x00000000e9100000, 0x00000000e9100000, 0x00000000e9200000|  0%| F|  |TAMS 0x00000000e9100000, 0x00000000e9100000| Untracked 
| 146|0x00000000e9200000, 0x00000000e9200000, 0x00000000e9300000|  0%| F|  |TAMS 0x00000000e9200000, 0x00000000e9200000| Untracked 
| 147|0x00000000e9300000, 0x00000000e9300000, 0x00000000e9400000|  0%| F|  |TAMS 0x00000000e9300000, 0x00000000e9300000| Untracked 
| 148|0x00000000e9400000, 0x00000000e9400000, 0x00000000e9500000|  0%| F|  |TAMS 0x00000000e9400000, 0x00000000e9400000| Untracked 
| 149|0x00000000e9500000, 0x00000000e9500000, 0x00000000e9600000|  0%| F|  |TAMS 0x00000000e9500000, 0x00000000e9500000| Untracked 
| 150|0x00000000e9600000, 0x00000000e9600000, 0x00000000e9700000|  0%| F|  |TAMS 0x00000000e9600000, 0x00000000e9600000| Untracked 
| 151|0x00000000e9700000, 0x00000000e9700000, 0x00000000e9800000|  0%| F|  |TAMS 0x00000000e9700000, 0x00000000e9700000| Untracked 
| 152|0x00000000e9800000, 0x00000000e9800000, 0x00000000e9900000|  0%| F|  |TAMS 0x00000000e9800000, 0x00000000e9800000| Untracked 
| 153|0x00000000e9900000, 0x00000000e9900000, 0x00000000e9a00000|  0%| F|  |TAMS 0x00000000e9900000, 0x00000000e9900000| Untracked 
| 154|0x00000000e9a00000, 0x00000000e9a00000, 0x00000000e9b00000|  0%| F|  |TAMS 0x00000000e9a00000, 0x00000000e9a00000| Untracked 
| 155|0x00000000e9b00000, 0x00000000e9b00000, 0x00000000e9c00000|  0%| F|  |TAMS 0x00000000e9b00000, 0x00000000e9b00000| Untracked 
| 156|0x00000000e9c00000, 0x00000000e9c00000, 0x00000000e9d00000|  0%| F|  |TAMS 0x00000000e9c00000, 0x00000000e9c00000| Untracked 
| 157|0x00000000e9d00000, 0x00000000e9d00000, 0x00000000e9e00000|  0%| F|  |TAMS 0x00000000e9d00000, 0x00000000e9d00000| Untracked 
| 158|0x00000000e9e00000, 0x00000000e9e00000, 0x00000000e9f00000|  0%| F|  |TAMS 0x00000000e9e00000, 0x00000000e9e00000| Untracked 
| 159|0x00000000e9f00000, 0x00000000e9f00000, 0x00000000ea000000|  0%| F|  |TAMS 0x00000000e9f00000, 0x00000000e9f00000| Untracked 
| 160|0x00000000ea000000, 0x00000000ea000000, 0x00000000ea100000|  0%| F|  |TAMS 0x00000000ea000000, 0x00000000ea000000| Untracked 
| 161|0x00000000ea100000, 0x00000000ea100000, 0x00000000ea200000|  0%| F|  |TAMS 0x00000000ea100000, 0x00000000ea100000| Untracked 
| 162|0x00000000ea200000, 0x00000000ea200000, 0x00000000ea300000|  0%| F|  |TAMS 0x00000000ea200000, 0x00000000ea200000| Untracked 
| 163|0x00000000ea300000, 0x00000000ea300000, 0x00000000ea400000|  0%| F|  |TAMS 0x00000000ea300000, 0x00000000ea300000| Untracked 
| 164|0x00000000ea400000, 0x00000000ea400000, 0x00000000ea500000|  0%| F|  |TAMS 0x00000000ea400000, 0x00000000ea400000| Untracked 
| 165|0x00000000ea500000, 0x00000000ea500000, 0x00000000ea600000|  0%| F|  |TAMS 0x00000000ea500000, 0x00000000ea500000| Untracked 
| 166|0x00000000ea600000, 0x00000000ea600000, 0x00000000ea700000|  0%| F|  |TAMS 0x00000000ea600000, 0x00000000ea600000| Untracked 
| 167|0x00000000ea700000, 0x00000000ea700000, 0x00000000ea800000|  0%| F|  |TAMS 0x00000000ea700000, 0x00000000ea700000| Untracked 
| 168|0x00000000ea800000, 0x00000000ea800000, 0x00000000ea900000|  0%| F|  |TAMS 0x00000000ea800000, 0x00000000ea800000| Untracked 
| 169|0x00000000ea900000, 0x00000000ea900000, 0x00000000eaa00000|  0%| F|  |TAMS 0x00000000ea900000, 0x00000000ea900000| Untracked 
| 170|0x00000000eaa00000, 0x00000000eaa00000, 0x00000000eab00000|  0%| F|  |TAMS 0x00000000eaa00000, 0x00000000eaa00000| Untracked 
| 171|0x00000000eab00000, 0x00000000eab00000, 0x00000000eac00000|  0%| F|  |TAMS 0x00000000eab00000, 0x00000000eab00000| Untracked 
| 172|0x00000000eac00000, 0x00000000eac00000, 0x00000000ead00000|  0%| F|  |TAMS 0x00000000eac00000, 0x00000000eac00000| Untracked 
| 173|0x00000000ead00000, 0x00000000ead00000, 0x00000000eae00000|  0%| F|  |TAMS 0x00000000ead00000, 0x00000000ead00000| Untracked 
| 174|0x00000000eae00000, 0x00000000eae00000, 0x00000000eaf00000|  0%| F|  |TAMS 0x00000000eae00000, 0x00000000eae00000| Untracked 
| 175|0x00000000eaf00000, 0x00000000eaf00000, 0x00000000eb000000|  0%| F|  |TAMS 0x00000000eaf00000, 0x00000000eaf00000| Untracked 
| 176|0x00000000eb000000, 0x00000000eb000000, 0x00000000eb100000|  0%| F|  |TAMS 0x00000000eb000000, 0x00000000eb000000| Untracked 
| 177|0x00000000eb100000, 0x00000000eb100000, 0x00000000eb200000|  0%| F|  |TAMS 0x00000000eb100000, 0x00000000eb100000| Untracked 
| 178|0x00000000eb200000, 0x00000000eb200000, 0x00000000eb300000|  0%| F|  |TAMS 0x00000000eb200000, 0x00000000eb200000| Untracked 
| 179|0x00000000eb300000, 0x00000000eb300000, 0x00000000eb400000|  0%| F|  |TAMS 0x00000000eb300000, 0x00000000eb300000| Untracked 
| 180|0x00000000eb400000, 0x00000000eb400000, 0x00000000eb500000|  0%| F|  |TAMS 0x00000000eb400000, 0x00000000eb400000| Untracked 
| 181|0x00000000eb500000, 0x00000000eb500000, 0x00000000eb600000|  0%| F|  |TAMS 0x00000000eb500000, 0x00000000eb500000| Untracked 
| 182|0x00000000eb600000, 0x00000000eb600000, 0x00000000eb700000|  0%| F|  |TAMS 0x00000000eb600000, 0x00000000eb600000| Untracked 
| 183|0x00000000eb700000, 0x00000000eb700000, 0x00000000eb800000|  0%| F|  |TAMS 0x00000000eb700000, 0x00000000eb700000| Untracked 
| 184|0x00000000eb800000, 0x00000000eb800000, 0x00000000eb900000|  0%| F|  |TAMS 0x00000000eb800000, 0x00000000eb800000| Untracked 
| 185|0x00000000eb900000, 0x00000000eb900000, 0x00000000eba00000|  0%| F|  |TAMS 0x00000000eb900000, 0x00000000eb900000| Untracked 
| 186|0x00000000eba00000, 0x00000000eba00000, 0x00000000ebb00000|  0%| F|  |TAMS 0x00000000eba00000, 0x00000000eba00000| Untracked 
| 187|0x00000000ebb00000, 0x00000000ebb00000, 0x00000000ebc00000|  0%| F|  |TAMS 0x00000000ebb00000, 0x00000000ebb00000| Untracked 
| 188|0x00000000ebc00000, 0x00000000ebc00000, 0x00000000ebd00000|  0%| F|  |TAMS 0x00000000ebc00000, 0x00000000ebc00000| Untracked 
| 189|0x00000000ebd00000, 0x00000000ebd00000, 0x00000000ebe00000|  0%| F|  |TAMS 0x00000000ebd00000, 0x00000000ebd00000| Untracked 
| 190|0x00000000ebe00000, 0x00000000ebe00000, 0x00000000ebf00000|  0%| F|  |TAMS 0x00000000ebe00000, 0x00000000ebe00000| Untracked 
| 191|0x00000000ebf00000, 0x00000000ebf00000, 0x00000000ec000000|  0%| F|  |TAMS 0x00000000ebf00000, 0x00000000ebf00000| Untracked 
| 192|0x00000000ec000000, 0x00000000ec000000, 0x00000000ec100000|  0%| F|  |TAMS 0x00000000ec000000, 0x00000000ec000000| Untracked 
| 193|0x00000000ec100000, 0x00000000ec100000, 0x00000000ec200000|  0%| F|  |TAMS 0x00000000ec100000, 0x00000000ec100000| Untracked 
| 194|0x00000000ec200000, 0x00000000ec200000, 0x00000000ec300000|  0%| F|  |TAMS 0x00000000ec200000, 0x00000000ec200000| Untracked 
| 195|0x00000000ec300000, 0x00000000ec300000, 0x00000000ec400000|  0%| F|  |TAMS 0x00000000ec300000, 0x00000000ec300000| Untracked 
| 196|0x00000000ec400000, 0x00000000ec400000, 0x00000000ec500000|  0%| F|  |TAMS 0x00000000ec400000, 0x00000000ec400000| Untracked 
| 197|0x00000000ec500000, 0x00000000ec500000, 0x00000000ec600000|  0%| F|  |TAMS 0x00000000ec500000, 0x00000000ec500000| Untracked 
| 198|0x00000000ec600000, 0x00000000ec600000, 0x00000000ec700000|  0%| F|  |TAMS 0x00000000ec600000, 0x00000000ec600000| Untracked 
| 199|0x00000000ec700000, 0x00000000ec700000, 0x00000000ec800000|  0%| F|  |TAMS 0x00000000ec700000, 0x00000000ec700000| Untracked 
| 200|0x00000000ec800000, 0x00000000ec800000, 0x00000000ec900000|  0%| F|  |TAMS 0x00000000ec800000, 0x00000000ec800000| Untracked 
| 201|0x00000000ec900000, 0x00000000ec900000, 0x00000000eca00000|  0%| F|  |TAMS 0x00000000ec900000, 0x00000000ec900000| Untracked 
| 202|0x00000000eca00000, 0x00000000eca00000, 0x00000000ecb00000|  0%| F|  |TAMS 0x00000000eca00000, 0x00000000eca00000| Untracked 
| 203|0x00000000ecb00000, 0x00000000ecb00000, 0x00000000ecc00000|  0%| F|  |TAMS 0x00000000ecb00000, 0x00000000ecb00000| Untracked 
| 204|0x00000000ecc00000, 0x00000000ecc00000, 0x00000000ecd00000|  0%| F|  |TAMS 0x00000000ecc00000, 0x00000000ecc00000| Untracked 
| 205|0x00000000ecd00000, 0x00000000ecd00000, 0x00000000ece00000|  0%| F|  |TAMS 0x00000000ecd00000, 0x00000000ecd00000| Untracked 
| 206|0x00000000ece00000, 0x00000000ece00000, 0x00000000ecf00000|  0%| F|  |TAMS 0x00000000ece00000, 0x00000000ece00000| Untracked 
| 207|0x00000000ecf00000, 0x00000000ecf00000, 0x00000000ed000000|  0%| F|  |TAMS 0x00000000ecf00000, 0x00000000ecf00000| Untracked 
| 208|0x00000000ed000000, 0x00000000ed000000, 0x00000000ed100000|  0%| F|  |TAMS 0x00000000ed000000, 0x00000000ed000000| Untracked 
| 209|0x00000000ed100000, 0x00000000ed100000, 0x00000000ed200000|  0%| F|  |TAMS 0x00000000ed100000, 0x00000000ed100000| Untracked 
| 210|0x00000000ed200000, 0x00000000ed200000, 0x00000000ed300000|  0%| F|  |TAMS 0x00000000ed200000, 0x00000000ed200000| Untracked 
| 211|0x00000000ed300000, 0x00000000ed300000, 0x00000000ed400000|  0%| F|  |TAMS 0x00000000ed300000, 0x00000000ed300000| Untracked 
| 212|0x00000000ed400000, 0x00000000ed400000, 0x00000000ed500000|  0%| F|  |TAMS 0x00000000ed400000, 0x00000000ed400000| Untracked 
| 213|0x00000000ed500000, 0x00000000ed500000, 0x00000000ed600000|  0%| F|  |TAMS 0x00000000ed500000, 0x00000000ed500000| Untracked 
| 214|0x00000000ed600000, 0x00000000ed600000, 0x00000000ed700000|  0%| F|  |TAMS 0x00000000ed600000, 0x00000000ed600000| Untracked 
| 215|0x00000000ed700000, 0x00000000ed700000, 0x00000000ed800000|  0%| F|  |TAMS 0x00000000ed700000, 0x00000000ed700000| Untracked 
| 216|0x00000000ed800000, 0x00000000ed800000, 0x00000000ed900000|  0%| F|  |TAMS 0x00000000ed800000, 0x00000000ed800000| Untracked 
| 217|0x00000000ed900000, 0x00000000ed900000, 0x00000000eda00000|  0%| F|  |TAMS 0x00000000ed900000, 0x00000000ed900000| Untracked 
| 218|0x00000000eda00000, 0x00000000eda00000, 0x00000000edb00000|  0%| F|  |TAMS 0x00000000eda00000, 0x00000000eda00000| Untracked 
| 219|0x00000000edb00000, 0x00000000edb00000, 0x00000000edc00000|  0%| F|  |TAMS 0x00000000edb00000, 0x00000000edb00000| Untracked 
| 220|0x00000000edc00000, 0x00000000edc00000, 0x00000000edd00000|  0%| F|  |TAMS 0x00000000edc00000, 0x00000000edc00000| Untracked 
| 221|0x00000000edd00000, 0x00000000edd00000, 0x00000000ede00000|  0%| F|  |TAMS 0x00000000edd00000, 0x00000000edd00000| Untracked 
| 222|0x00000000ede00000, 0x00000000ede00000, 0x00000000edf00000|  0%| F|  |TAMS 0x00000000ede00000, 0x00000000ede00000| Untracked 
| 223|0x00000000edf00000, 0x00000000edf00000, 0x00000000ee000000|  0%| F|  |TAMS 0x00000000edf00000, 0x00000000edf00000| Untracked 
| 224|0x00000000ee000000, 0x00000000ee000000, 0x00000000ee100000|  0%| F|  |TAMS 0x00000000ee000000, 0x00000000ee000000| Untracked 
| 225|0x00000000ee100000, 0x00000000ee100000, 0x00000000ee200000|  0%| F|  |TAMS 0x00000000ee100000, 0x00000000ee100000| Untracked 
| 226|0x00000000ee200000, 0x00000000ee200000, 0x00000000ee300000|  0%| F|  |TAMS 0x00000000ee200000, 0x00000000ee200000| Untracked 
| 227|0x00000000ee300000, 0x00000000ee300000, 0x00000000ee400000|  0%| F|  |TAMS 0x00000000ee300000, 0x00000000ee300000| Untracked 
| 228|0x00000000ee400000, 0x00000000ee400000, 0x00000000ee500000|  0%| F|  |TAMS 0x00000000ee400000, 0x00000000ee400000| Untracked 
| 229|0x00000000ee500000, 0x00000000ee500000, 0x00000000ee600000|  0%| F|  |TAMS 0x00000000ee500000, 0x00000000ee500000| Untracked 
| 230|0x00000000ee600000, 0x00000000ee600000, 0x00000000ee700000|  0%| F|  |TAMS 0x00000000ee600000, 0x00000000ee600000| Untracked 
| 231|0x00000000ee700000, 0x00000000ee700000, 0x00000000ee800000|  0%| F|  |TAMS 0x00000000ee700000, 0x00000000ee700000| Untracked 
| 232|0x00000000ee800000, 0x00000000ee800000, 0x00000000ee900000|  0%| F|  |TAMS 0x00000000ee800000, 0x00000000ee800000| Untracked 
| 233|0x00000000ee900000, 0x00000000ee900000, 0x00000000eea00000|  0%| F|  |TAMS 0x00000000ee900000, 0x00000000ee900000| Untracked 
| 234|0x00000000eea00000, 0x00000000eea00000, 0x00000000eeb00000|  0%| F|  |TAMS 0x00000000eea00000, 0x00000000eea00000| Untracked 
| 235|0x00000000eeb00000, 0x00000000eeb00000, 0x00000000eec00000|  0%| F|  |TAMS 0x00000000eeb00000, 0x00000000eeb00000| Untracked 
| 236|0x00000000eec00000, 0x00000000eec00000, 0x00000000eed00000|  0%| F|  |TAMS 0x00000000eec00000, 0x00000000eec00000| Untracked 
| 237|0x00000000eed00000, 0x00000000eed00000, 0x00000000eee00000|  0%| F|  |TAMS 0x00000000eed00000, 0x00000000eed00000| Untracked 
| 238|0x00000000eee00000, 0x00000000eee00000, 0x00000000eef00000|  0%| F|  |TAMS 0x00000000eee00000, 0x00000000eee00000| Untracked 
| 239|0x00000000eef00000, 0x00000000eef00000, 0x00000000ef000000|  0%| F|  |TAMS 0x00000000eef00000, 0x00000000eef00000| Untracked 
| 240|0x00000000ef000000, 0x00000000ef000000, 0x00000000ef100000|  0%| F|  |TAMS 0x00000000ef000000, 0x00000000ef000000| Untracked 
| 241|0x00000000ef100000, 0x00000000ef100000, 0x00000000ef200000|  0%| F|  |TAMS 0x00000000ef100000, 0x00000000ef100000| Untracked 
| 242|0x00000000ef200000, 0x00000000ef200000, 0x00000000ef300000|  0%| F|  |TAMS 0x00000000ef200000, 0x00000000ef200000| Untracked 
| 243|0x00000000ef300000, 0x00000000ef300000, 0x00000000ef400000|  0%| F|  |TAMS 0x00000000ef300000, 0x00000000ef300000| Untracked 
| 244|0x00000000ef400000, 0x00000000ef400000, 0x00000000ef500000|  0%| F|  |TAMS 0x00000000ef400000, 0x00000000ef400000| Untracked 
| 245|0x00000000ef500000, 0x00000000ef500000, 0x00000000ef600000|  0%| F|  |TAMS 0x00000000ef500000, 0x00000000ef500000| Untracked 
| 246|0x00000000ef600000, 0x00000000ef600000, 0x00000000ef700000|  0%| F|  |TAMS 0x00000000ef600000, 0x00000000ef600000| Untracked 
| 247|0x00000000ef700000, 0x00000000ef700000, 0x00000000ef800000|  0%| F|  |TAMS 0x00000000ef700000, 0x00000000ef700000| Untracked 
| 248|0x00000000ef800000, 0x00000000ef800000, 0x00000000ef900000|  0%| F|  |TAMS 0x00000000ef800000, 0x00000000ef800000| Untracked 
| 249|0x00000000ef900000, 0x00000000ef900000, 0x00000000efa00000|  0%| F|  |TAMS 0x00000000ef900000, 0x00000000ef900000| Untracked 
| 250|0x00000000efa00000, 0x00000000efa00000, 0x00000000efb00000|  0%| F|  |TAMS 0x00000000efa00000, 0x00000000efa00000| Untracked 
| 251|0x00000000efb00000, 0x00000000efb00000, 0x00000000efc00000|  0%| F|  |TAMS 0x00000000efb00000, 0x00000000efb00000| Untracked 
| 252|0x00000000efc00000, 0x00000000efc00000, 0x00000000efd00000|  0%| F|  |TAMS 0x00000000efc00000, 0x00000000efc00000| Untracked 
| 253|0x00000000efd00000, 0x00000000efd00000, 0x00000000efe00000|  0%| F|  |TAMS 0x00000000efd00000, 0x00000000efd00000| Untracked 
| 254|0x00000000efe00000, 0x00000000efe00000, 0x00000000eff00000|  0%| F|  |TAMS 0x00000000efe00000, 0x00000000efe00000| Untracked 
| 255|0x00000000eff00000, 0x00000000eff00000, 0x00000000f0000000|  0%| F|  |TAMS 0x00000000eff00000, 0x00000000eff00000| Untracked 
| 256|0x00000000f0000000, 0x00000000f0000000, 0x00000000f0100000|  0%| F|  |TAMS 0x00000000f0000000, 0x00000000f0000000| Untracked 
| 257|0x00000000f0100000, 0x00000000f0100000, 0x00000000f0200000|  0%| F|  |TAMS 0x00000000f0100000, 0x00000000f0100000| Untracked 
| 258|0x00000000f0200000, 0x00000000f0200000, 0x00000000f0300000|  0%| F|  |TAMS 0x00000000f0200000, 0x00000000f0200000| Untracked 
| 259|0x00000000f0300000, 0x00000000f0300000, 0x00000000f0400000|  0%| F|  |TAMS 0x00000000f0300000, 0x00000000f0300000| Untracked 
| 260|0x00000000f0400000, 0x00000000f0400000, 0x00000000f0500000|  0%| F|  |TAMS 0x00000000f0400000, 0x00000000f0400000| Untracked 
| 261|0x00000000f0500000, 0x00000000f0500000, 0x00000000f0600000|  0%| F|  |TAMS 0x00000000f0500000, 0x00000000f0500000| Untracked 
| 262|0x00000000f0600000, 0x00000000f0600000, 0x00000000f0700000|  0%| F|  |TAMS 0x00000000f0600000, 0x00000000f0600000| Untracked 
| 263|0x00000000f0700000, 0x00000000f0700000, 0x00000000f0800000|  0%| F|  |TAMS 0x00000000f0700000, 0x00000000f0700000| Untracked 
| 264|0x00000000f0800000, 0x00000000f0800000, 0x00000000f0900000|  0%| F|  |TAMS 0x00000000f0800000, 0x00000000f0800000| Untracked 
| 265|0x00000000f0900000, 0x00000000f0900000, 0x00000000f0a00000|  0%| F|  |TAMS 0x00000000f0900000, 0x00000000f0900000| Untracked 
| 266|0x00000000f0a00000, 0x00000000f0a00000, 0x00000000f0b00000|  0%| F|  |TAMS 0x00000000f0a00000, 0x00000000f0a00000| Untracked 
| 267|0x00000000f0b00000, 0x00000000f0b00000, 0x00000000f0c00000|  0%| F|  |TAMS 0x00000000f0b00000, 0x00000000f0b00000| Untracked 
| 268|0x00000000f0c00000, 0x00000000f0c00000, 0x00000000f0d00000|  0%| F|  |TAMS 0x00000000f0c00000, 0x00000000f0c00000| Untracked 
| 269|0x00000000f0d00000, 0x00000000f0d00000, 0x00000000f0e00000|  0%| F|  |TAMS 0x00000000f0d00000, 0x00000000f0d00000| Untracked 
| 270|0x00000000f0e00000, 0x00000000f0e00000, 0x00000000f0f00000|  0%| F|  |TAMS 0x00000000f0e00000, 0x00000000f0e00000| Untracked 
| 271|0x00000000f0f00000, 0x00000000f0f00000, 0x00000000f1000000|  0%| F|  |TAMS 0x00000000f0f00000, 0x00000000f0f00000| Untracked 
| 272|0x00000000f1000000, 0x00000000f1000000, 0x00000000f1100000|  0%| F|  |TAMS 0x00000000f1000000, 0x00000000f1000000| Untracked 
| 273|0x00000000f1100000, 0x00000000f11ff918, 0x00000000f1200000| 99%| S|CS|TAMS 0x00000000f1100000, 0x00000000f1100000| Complete 
| 274|0x00000000f1200000, 0x00000000f1300000, 0x00000000f1300000|100%| S|CS|TAMS 0x00000000f1200000, 0x00000000f1200000| Complete 
| 275|0x00000000f1300000, 0x00000000f1400000, 0x00000000f1400000|100%| S|CS|TAMS 0x00000000f1300000, 0x00000000f1300000| Complete 
| 276|0x00000000f1400000, 0x00000000f1400000, 0x00000000f1500000|  0%| F|  |TAMS 0x00000000f1400000, 0x00000000f1400000| Untracked 
| 277|0x00000000f1500000, 0x00000000f1500000, 0x00000000f1600000|  0%| F|  |TAMS 0x00000000f1500000, 0x00000000f1500000| Untracked 
| 278|0x00000000f1600000, 0x00000000f1600000, 0x00000000f1700000|  0%| F|  |TAMS 0x00000000f1600000, 0x00000000f1600000| Untracked 
| 279|0x00000000f1700000, 0x00000000f1700000, 0x00000000f1800000|  0%| F|  |TAMS 0x00000000f1700000, 0x00000000f1700000| Untracked 
| 280|0x00000000f1800000, 0x00000000f1800000, 0x00000000f1900000|  0%| F|  |TAMS 0x00000000f1800000, 0x00000000f1800000| Untracked 
| 281|0x00000000f1900000, 0x00000000f1900000, 0x00000000f1a00000|  0%| F|  |TAMS 0x00000000f1900000, 0x00000000f1900000| Untracked 
| 282|0x00000000f1a00000, 0x00000000f1a00000, 0x00000000f1b00000|  0%| F|  |TAMS 0x00000000f1a00000, 0x00000000f1a00000| Untracked 
| 283|0x00000000f1b00000, 0x00000000f1b00000, 0x00000000f1c00000|  0%| F|  |TAMS 0x00000000f1b00000, 0x00000000f1b00000| Untracked 
| 284|0x00000000f1c00000, 0x00000000f1c00000, 0x00000000f1d00000|  0%| F|  |TAMS 0x00000000f1c00000, 0x00000000f1c00000| Untracked 
| 285|0x00000000f1d00000, 0x00000000f1d00000, 0x00000000f1e00000|  0%| F|  |TAMS 0x00000000f1d00000, 0x00000000f1d00000| Untracked 
| 286|0x00000000f1e00000, 0x00000000f1e00000, 0x00000000f1f00000|  0%| F|  |TAMS 0x00000000f1e00000, 0x00000000f1e00000| Untracked 
| 287|0x00000000f1f00000, 0x00000000f1f00000, 0x00000000f2000000|  0%| F|  |TAMS 0x00000000f1f00000, 0x00000000f1f00000| Untracked 
| 288|0x00000000f2000000, 0x00000000f2000000, 0x00000000f2100000|  0%| F|  |TAMS 0x00000000f2000000, 0x00000000f2000000| Untracked 
| 289|0x00000000f2100000, 0x00000000f2100000, 0x00000000f2200000|  0%| F|  |TAMS 0x00000000f2100000, 0x00000000f2100000| Untracked 
| 290|0x00000000f2200000, 0x00000000f2200000, 0x00000000f2300000|  0%| F|  |TAMS 0x00000000f2200000, 0x00000000f2200000| Untracked 
| 291|0x00000000f2300000, 0x00000000f2300000, 0x00000000f2400000|  0%| F|  |TAMS 0x00000000f2300000, 0x00000000f2300000| Untracked 
| 292|0x00000000f2400000, 0x00000000f2400000, 0x00000000f2500000|  0%| F|  |TAMS 0x00000000f2400000, 0x00000000f2400000| Untracked 
| 293|0x00000000f2500000, 0x00000000f2500000, 0x00000000f2600000|  0%| F|  |TAMS 0x00000000f2500000, 0x00000000f2500000| Untracked 
| 294|0x00000000f2600000, 0x00000000f2600000, 0x00000000f2700000|  0%| F|  |TAMS 0x00000000f2600000, 0x00000000f2600000| Untracked 
| 295|0x00000000f2700000, 0x00000000f2700000, 0x00000000f2800000|  0%| F|  |TAMS 0x00000000f2700000, 0x00000000f2700000| Untracked 
| 296|0x00000000f2800000, 0x00000000f2800000, 0x00000000f2900000|  0%| F|  |TAMS 0x00000000f2800000, 0x00000000f2800000| Untracked 
| 297|0x00000000f2900000, 0x00000000f2900000, 0x00000000f2a00000|  0%| F|  |TAMS 0x00000000f2900000, 0x00000000f2900000| Untracked 
| 298|0x00000000f2a00000, 0x00000000f2a00000, 0x00000000f2b00000|  0%| F|  |TAMS 0x00000000f2a00000, 0x00000000f2a00000| Untracked 
| 299|0x00000000f2b00000, 0x00000000f2b00000, 0x00000000f2c00000|  0%| F|  |TAMS 0x00000000f2b00000, 0x00000000f2b00000| Untracked 
| 300|0x00000000f2c00000, 0x00000000f2c00000, 0x00000000f2d00000|  0%| F|  |TAMS 0x00000000f2c00000, 0x00000000f2c00000| Untracked 
| 301|0x00000000f2d00000, 0x00000000f2d00000, 0x00000000f2e00000|  0%| F|  |TAMS 0x00000000f2d00000, 0x00000000f2d00000| Untracked 
| 302|0x00000000f2e00000, 0x00000000f2e00000, 0x00000000f2f00000|  0%| F|  |TAMS 0x00000000f2e00000, 0x00000000f2e00000| Untracked 
| 303|0x00000000f2f00000, 0x00000000f2f00000, 0x00000000f3000000|  0%| F|  |TAMS 0x00000000f2f00000, 0x00000000f2f00000| Untracked 
| 304|0x00000000f3000000, 0x00000000f3000000, 0x00000000f3100000|  0%| F|  |TAMS 0x00000000f3000000, 0x00000000f3000000| Untracked 
| 305|0x00000000f3100000, 0x00000000f3100000, 0x00000000f3200000|  0%| F|  |TAMS 0x00000000f3100000, 0x00000000f3100000| Untracked 
| 306|0x00000000f3200000, 0x00000000f3200000, 0x00000000f3300000|  0%| F|  |TAMS 0x00000000f3200000, 0x00000000f3200000| Untracked 
| 307|0x00000000f3300000, 0x00000000f3300000, 0x00000000f3400000|  0%| F|  |TAMS 0x00000000f3300000, 0x00000000f3300000| Untracked 
| 308|0x00000000f3400000, 0x00000000f3400000, 0x00000000f3500000|  0%| F|  |TAMS 0x00000000f3400000, 0x00000000f3400000| Untracked 
| 309|0x00000000f3500000, 0x00000000f3500000, 0x00000000f3600000|  0%| F|  |TAMS 0x00000000f3500000, 0x00000000f3500000| Untracked 
| 310|0x00000000f3600000, 0x00000000f3600000, 0x00000000f3700000|  0%| F|  |TAMS 0x00000000f3600000, 0x00000000f3600000| Untracked 
| 311|0x00000000f3700000, 0x00000000f3700000, 0x00000000f3800000|  0%| F|  |TAMS 0x00000000f3700000, 0x00000000f3700000| Untracked 
| 312|0x00000000f3800000, 0x00000000f3800000, 0x00000000f3900000|  0%| F|  |TAMS 0x00000000f3800000, 0x00000000f3800000| Untracked 
| 313|0x00000000f3900000, 0x00000000f3900000, 0x00000000f3a00000|  0%| F|  |TAMS 0x00000000f3900000, 0x00000000f3900000| Untracked 
| 314|0x00000000f3a00000, 0x00000000f3a00000, 0x00000000f3b00000|  0%| F|  |TAMS 0x00000000f3a00000, 0x00000000f3a00000| Untracked 
| 315|0x00000000f3b00000, 0x00000000f3b00000, 0x00000000f3c00000|  0%| F|  |TAMS 0x00000000f3b00000, 0x00000000f3b00000| Untracked 
| 316|0x00000000f3c00000, 0x00000000f3c00000, 0x00000000f3d00000|  0%| F|  |TAMS 0x00000000f3c00000, 0x00000000f3c00000| Untracked 
| 317|0x00000000f3d00000, 0x00000000f3d00000, 0x00000000f3e00000|  0%| F|  |TAMS 0x00000000f3d00000, 0x00000000f3d00000| Untracked 
| 318|0x00000000f3e00000, 0x00000000f3e00000, 0x00000000f3f00000|  0%| F|  |TAMS 0x00000000f3e00000, 0x00000000f3e00000| Untracked 
| 319|0x00000000f3f00000, 0x00000000f3f00000, 0x00000000f4000000|  0%| F|  |TAMS 0x00000000f3f00000, 0x00000000f3f00000| Untracked 
| 320|0x00000000f4000000, 0x00000000f4000000, 0x00000000f4100000|  0%| F|  |TAMS 0x00000000f4000000, 0x00000000f4000000| Untracked 
| 321|0x00000000f4100000, 0x00000000f4100000, 0x00000000f4200000|  0%| F|  |TAMS 0x00000000f4100000, 0x00000000f4100000| Untracked 
| 322|0x00000000f4200000, 0x00000000f4200000, 0x00000000f4300000|  0%| F|  |TAMS 0x00000000f4200000, 0x00000000f4200000| Untracked 
| 323|0x00000000f4300000, 0x00000000f4300000, 0x00000000f4400000|  0%| F|  |TAMS 0x00000000f4300000, 0x00000000f4300000| Untracked 
| 324|0x00000000f4400000, 0x00000000f4400000, 0x00000000f4500000|  0%| F|  |TAMS 0x00000000f4400000, 0x00000000f4400000| Untracked 
| 325|0x00000000f4500000, 0x00000000f4500000, 0x00000000f4600000|  0%| F|  |TAMS 0x00000000f4500000, 0x00000000f4500000| Untracked 
| 326|0x00000000f4600000, 0x00000000f4600000, 0x00000000f4700000|  0%| F|  |TAMS 0x00000000f4600000, 0x00000000f4600000| Untracked 
| 327|0x00000000f4700000, 0x00000000f4700000, 0x00000000f4800000|  0%| F|  |TAMS 0x00000000f4700000, 0x00000000f4700000| Untracked 
| 328|0x00000000f4800000, 0x00000000f4840340, 0x00000000f4900000| 25%| E|  |TAMS 0x00000000f4800000, 0x00000000f4800000| Complete 
| 329|0x00000000f4900000, 0x00000000f4a00000, 0x00000000f4a00000|100%| E|CS|TAMS 0x00000000f4900000, 0x00000000f4900000| Complete 
| 330|0x00000000f4a00000, 0x00000000f4b00000, 0x00000000f4b00000|100%| E|CS|TAMS 0x00000000f4a00000, 0x00000000f4a00000| Complete 
| 331|0x00000000f4b00000, 0x00000000f4c00000, 0x00000000f4c00000|100%| E|CS|TAMS 0x00000000f4b00000, 0x00000000f4b00000| Complete 
| 332|0x00000000f4c00000, 0x00000000f4d00000, 0x00000000f4d00000|100%| E|CS|TAMS 0x00000000f4c00000, 0x00000000f4c00000| Complete 
| 333|0x00000000f4d00000, 0x00000000f4e00000, 0x00000000f4e00000|100%| E|CS|TAMS 0x00000000f4d00000, 0x00000000f4d00000| Complete 
| 334|0x00000000f4e00000, 0x00000000f4f00000, 0x00000000f4f00000|100%| E|CS|TAMS 0x00000000f4e00000, 0x00000000f4e00000| Complete 
| 335|0x00000000f4f00000, 0x00000000f5000000, 0x00000000f5000000|100%| E|  |TAMS 0x00000000f4f00000, 0x00000000f4f00000| Complete 
| 336|0x00000000f5000000, 0x00000000f5100000, 0x00000000f5100000|100%| E|CS|TAMS 0x00000000f5000000, 0x00000000f5000000| Complete 
| 337|0x00000000f5100000, 0x00000000f5200000, 0x00000000f5200000|100%| E|CS|TAMS 0x00000000f5100000, 0x00000000f5100000| Complete 
| 338|0x00000000f5200000, 0x00000000f5300000, 0x00000000f5300000|100%| E|CS|TAMS 0x00000000f5200000, 0x00000000f5200000| Complete 
| 339|0x00000000f5300000, 0x00000000f5400000, 0x00000000f5400000|100%| E|CS|TAMS 0x00000000f5300000, 0x00000000f5300000| Complete 
| 340|0x00000000f5400000, 0x00000000f5500000, 0x00000000f5500000|100%| E|CS|TAMS 0x00000000f5400000, 0x00000000f5400000| Complete 
| 341|0x00000000f5500000, 0x00000000f5600000, 0x00000000f5600000|100%| E|CS|TAMS 0x00000000f5500000, 0x00000000f5500000| Complete 
| 453|0x00000000fc500000, 0x00000000fc600000, 0x00000000fc600000|100%| E|CS|TAMS 0x00000000fc500000, 0x00000000fc500000| Complete 
| 454|0x00000000fc600000, 0x00000000fc700000, 0x00000000fc700000|100%| E|CS|TAMS 0x00000000fc600000, 0x00000000fc600000| Complete 

Card table byte_map: [0x000001cd4f080000,0x000001cd4f180000] _byte_map_base: 0x000001cd4e980000

Marking Bits (Prev, Next): (CMBitMap*) 0x000001cd3853e5b0, (CMBitMap*) 0x000001cd3853e570
 Prev Bits: [0x000001cd4fa80000, 0x000001cd50280000)
 Next Bits: [0x000001cd4f280000, 0x000001cd4fa80000)

Polling page: 0x000001cd37cd0000

Metaspace:

Usage:
  Non-class:     71.37 MB used.
      Class:     10.14 MB used.
       Both:     81.51 MB used.

Virtual space:
  Non-class space:      128.00 MB reserved,      72.12 MB ( 56%) committed,  2 nodes.
      Class space:      320.00 MB reserved,      10.62 MB (  3%) committed,  1 nodes.
             Both:      448.00 MB reserved,      82.75 MB ( 18%) committed. 

Chunk freelists:
   Non-Class:  8.31 MB
       Class:  5.50 MB
        Both:  13.82 MB

MaxMetaspaceSize: 384.00 MB
CompressedClassSpaceSize: 320.00 MB
Initial GC threshold: 21.00 MB
Current GC threshold: 139.19 MB
CDS: on
MetaspaceReclaimPolicy: balanced
 - commit_granule_bytes: 65536.
 - commit_granule_words: 8192.
 - virtual_space_node_default_size: 8388608.
 - enlarge_chunks_in_place: 1.
 - new_chunks_are_fully_committed: 0.
 - uncommit_free_chunks: 1.
 - use_allocation_guard: 0.
 - handle_deallocations: 1.


Internal statistics:

num_allocs_failed_limit: 9.
num_arena_births: 2040.
num_arena_deaths: 1202.
num_vsnodes_births: 3.
num_vsnodes_deaths: 0.
num_space_committed: 1398.
num_space_uncommitted: 74.
num_chunks_returned_to_freelist: 2800.
num_chunks_taken_from_freelist: 7054.
num_chunk_merges: 760.
num_chunk_splits: 3630.
num_chunks_enlarged: 2046.
num_inconsistent_stats: 0.

CodeHeap 'non-profiled nmethods': size=120000Kb used=25162Kb max_used=25438Kb free=94837Kb
 bounds [0x000001cd47b50000, 0x000001cd49430000, 0x000001cd4f080000]
CodeHeap 'profiled nmethods': size=120000Kb used=36705Kb max_used=37976Kb free=83294Kb
 bounds [0x000001cd40080000, 0x000001cd425a0000, 0x000001cd475b0000]
CodeHeap 'non-nmethods': size=5760Kb used=2416Kb max_used=2517Kb free=3343Kb
 bounds [0x000001cd475b0000, 0x000001cd47830000, 0x000001cd47b50000]
 total_blobs=20612 nmethods=19666 adapters=857
 compilation: enabled
              stopped_count=0, restarted_count=0
 full_count=0

Compilation events (20 events):
Event: 7507.802 Thread 0x000001cd52898160 30887       3       jdk.internal.reflect.UnsafeStaticFieldAccessorImpl::<init> (17 bytes)
Event: 7507.802 Thread 0x000001cd52896b80 nmethod 30884 0x000001cd493fe990 code [0x000001cd493feb20, 0x000001cd493febd8]
Event: 7507.802 Thread 0x000001cd52896b80 30885   !   4       java.io.ObjectOutputStream::writeObject0 (620 bytes)
Event: 7507.803 Thread 0x000001cd52898160 nmethod 30887 0x000001cd4240f710 code [0x000001cd4240f8e0, 0x000001cd4240fc28]
Event: 7507.803 Thread 0x000001cd52898160 30888       3       jdk.internal.misc.Unsafe::staticFieldBase (18 bytes)
Event: 7507.803 Thread 0x000001cd52898160 nmethod 30888 0x000001cd4240f210 code [0x000001cd4240f3c0, 0x000001cd4240f5f8]
Event: 7507.803 Thread 0x000001cd52898160 30886       3       jdk.internal.reflect.UnsafeQualifiedStaticFieldAccessorImpl::<init> (11 bytes)
Event: 7507.803 Thread 0x000001cd52898160 nmethod 30886 0x000001cd4240ea90 code [0x000001cd4240ec80, 0x000001cd4240f048]
Event: 7507.805 Thread 0x000001cd52898160 30889       3       java.io.Bits::putLong (86 bytes)
Event: 7507.805 Thread 0x000001cd52898160 nmethod 30889 0x000001cd4240e510 code [0x000001cd4240e6c0, 0x000001cd4240e938]
Event: 7507.894 Thread 0x000001cd52898160 30890       3       java.io.ObjectStreamClass::getVariantFor (51 bytes)
Event: 7507.894 Thread 0x000001cd52898160 nmethod 30890 0x000001cd4240de10 code [0x000001cd4240dfe0, 0x000001cd4240e398]
Event: 7507.894 Thread 0x000001cd52898160 30891       3       java.io.ObjectStreamClass$ClassDataSlot::<init> (15 bytes)
Event: 7507.895 Thread 0x000001cd52898160 nmethod 30891 0x000001cd4240d990 code [0x000001cd4240db40, 0x000001cd4240dd18]
Event: 7507.897 Thread 0x000001cd52898160 30894       3       java.io.ObjectStreamClass$FieldReflectorKey::<init> (76 bytes)
Event: 7507.897 Thread 0x000001cd52898160 nmethod 30894 0x000001cd4240cd90 code [0x000001cd4240cfa0, 0x000001cd4240d718]
Event: 7507.897 Thread 0x000001cd52898160 30893       3       java.io.ObjectStreamClass::getReflector (100 bytes)
Event: 7507.897 Thread 0x000001cd52898160 nmethod 30893 0x000001cd4240bf90 code [0x000001cd4240c1c0, 0x000001cd4240cab8]
Event: 7507.898 Thread 0x000001cd52898160 30895       3       java.io.ObjectStreamClass::getSerialVersionUID (42 bytes)
Event: 7507.898 Thread 0x000001cd52898160 nmethod 30895 0x000001cd4240b390 code [0x000001cd4240b5c0, 0x000001cd4240bca8]

GC Heap History (20 events):
Event: 6519.104 GC heap before
{Heap before GC invocations=266 (full 0):
 garbage-first heap   total 345088K, used 282754K [0x00000000e0000000, 0x0000000100000000)
  region size 1024K, 152 young (155648K), 1 survivors (1024K)
 Metaspace       used 84834K, committed 85504K, reserved 458752K
  class space    used 10565K, committed 10880K, reserved 327680K
}
Event: 6519.121 GC heap after
{Heap after GC invocations=267 (full 0):
 garbage-first heap   total 345088K, used 132475K [0x00000000e0000000, 0x0000000100000000)
  region size 1024K, 6 young (6144K), 6 survivors (6144K)
 Metaspace       used 84834K, committed 85504K, reserved 458752K
  class space    used 10565K, committed 10880K, reserved 327680K
}
Event: 6519.658 GC heap before
{Heap before GC invocations=268 (full 0):
 garbage-first heap   total 365568K, used 284027K [0x00000000e0000000, 0x0000000100000000)
  region size 1024K, 154 young (157696K), 6 survivors (6144K)
 Metaspace       used 84855K, committed 85568K, reserved 458752K
  class space    used 10565K, committed 10880K, reserved 327680K
}
Event: 6519.673 GC heap after
{Heap after GC invocations=269 (full 0):
 garbage-first heap   total 365568K, used 132450K [0x00000000e0000000, 0x0000000100000000)
  region size 1024K, 6 young (6144K), 6 survivors (6144K)
 Metaspace       used 84855K, committed 85568K, reserved 458752K
  class space    used 10565K, committed 10880K, reserved 327680K
}
Event: 6519.701 GC heap before
{Heap before GC invocations=269 (full 0):
 garbage-first heap   total 365568K, used 143714K [0x00000000e0000000, 0x0000000100000000)
  region size 1024K, 17 young (17408K), 6 survivors (6144K)
 Metaspace       used 84855K, committed 85568K, reserved 458752K
  class space    used 10565K, committed 10880K, reserved 327680K
}
Event: 6519.761 GC heap after
{Heap after GC invocations=270 (full 0):
 garbage-first heap   total 429056K, used 128742K [0x00000000e0000000, 0x0000000100000000)
  region size 1024K, 1 young (1024K), 1 survivors (1024K)
 Metaspace       used 84855K, committed 85568K, reserved 458752K
  class space    used 10565K, committed 10880K, reserved 327680K
}
Event: 6520.928 GC heap before
{Heap before GC invocations=270 (full 0):
 garbage-first heap   total 429056K, used 356070K [0x00000000e0000000, 0x0000000100000000)
  region size 1024K, 223 young (228352K), 1 survivors (1024K)
 Metaspace       used 84955K, committed 85632K, reserved 458752K
  class space    used 10573K, committed 10880K, reserved 327680K
}
Event: 6520.961 GC heap after
{Heap after GC invocations=271 (full 0):
 garbage-first heap   total 429056K, used 139516K [0x00000000e0000000, 0x0000000100000000)
  region size 1024K, 12 young (12288K), 12 survivors (12288K)
 Metaspace       used 84955K, committed 85632K, reserved 458752K
  class space    used 10573K, committed 10880K, reserved 327680K
}
Event: 6537.200 GC heap before
{Heap before GC invocations=272 (full 0):
 garbage-first heap   total 429056K, used 361724K [0x00000000e0000000, 0x0000000100000000)
  region size 1024K, 222 young (227328K), 12 survivors (12288K)
 Metaspace       used 85151K, committed 85824K, reserved 458752K
  class space    used 10579K, committed 10880K, reserved 327680K
}
Event: 6537.230 GC heap after
{Heap after GC invocations=273 (full 0):
 garbage-first heap   total 429056K, used 144382K [0x00000000e0000000, 0x0000000100000000)
  region size 1024K, 16 young (16384K), 16 survivors (16384K)
 Metaspace       used 85151K, committed 85824K, reserved 458752K
  class space    used 10579K, committed 10880K, reserved 327680K
}
Event: 6537.322 GC heap before
{Heap before GC invocations=273 (full 0):
 garbage-first heap   total 429056K, used 147454K [0x00000000e0000000, 0x0000000100000000)
  region size 1024K, 20 young (20480K), 16 survivors (16384K)
 Metaspace       used 85151K, committed 85824K, reserved 458752K
  class space    used 10579K, committed 10880K, reserved 327680K
}
Event: 6537.356 GC heap after
{Heap after GC invocations=274 (full 0):
 garbage-first heap   total 429056K, used 140443K [0x00000000e0000000, 0x0000000100000000)
  region size 1024K, 2 young (2048K), 2 survivors (2048K)
 Metaspace       used 85151K, committed 85824K, reserved 458752K
  class space    used 10579K, committed 10880K, reserved 327680K
}
Event: 6537.658 GC heap before
{Heap before GC invocations=274 (full 0):
 garbage-first heap   total 429056K, used 149659K [0x00000000e0000000, 0x0000000100000000)
  region size 1024K, 13 young (13312K), 2 survivors (2048K)
 Metaspace       used 85157K, committed 85824K, reserved 458752K
  class space    used 10579K, committed 10880K, reserved 327680K
}
Event: 6537.660 GC heap after
{Heap after GC invocations=275 (full 0):
 garbage-first heap   total 429056K, used 139772K [0x00000000e0000000, 0x0000000100000000)
  region size 1024K, 2 young (2048K), 2 survivors (2048K)
 Metaspace       used 85157K, committed 85824K, reserved 458752K
  class space    used 10579K, committed 10880K, reserved 327680K
}
Event: 7469.521 GC heap before
{Heap before GC invocations=276 (full 0):
 garbage-first heap   total 429056K, used 300385K [0x00000000e0000000, 0x0000000100000000)
  region size 1024K, 163 young (166912K), 2 survivors (2048K)
 Metaspace       used 83495K, committed 84800K, reserved 458752K
  class space    used 10395K, committed 10880K, reserved 327680K
}
Event: 7469.677 GC heap after
{Heap after GC invocations=277 (full 0):
 garbage-first heap   total 429056K, used 140802K [0x00000000e0000000, 0x0000000100000000)
  region size 1024K, 10 young (10240K), 10 survivors (10240K)
 Metaspace       used 83495K, committed 84800K, reserved 458752K
  class space    used 10395K, committed 10880K, reserved 327680K
}
Event: 7471.418 GC heap before
{Heap before GC invocations=277 (full 0):
 garbage-first heap   total 429056K, used 151042K [0x00000000e0000000, 0x0000000100000000)
  region size 1024K, 20 young (20480K), 10 survivors (10240K)
 Metaspace       used 83495K, committed 84800K, reserved 458752K
  class space    used 10395K, committed 10880K, reserved 327680K
}
Event: 7471.672 GC heap after
{Heap after GC invocations=278 (full 0):
 garbage-first heap   total 429056K, used 103657K [0x00000000e0000000, 0x0000000100000000)
  region size 1024K, 2 young (2048K), 2 survivors (2048K)
 Metaspace       used 83495K, committed 84800K, reserved 458752K
  class space    used 10395K, committed 10880K, reserved 327680K
}
Event: 7488.254 GC heap before
{Heap before GC invocations=278 (full 0):
 garbage-first heap   total 429056K, used 245993K [0x00000000e0000000, 0x0000000100000000)
  region size 1024K, 143 young (146432K), 2 survivors (2048K)
 Metaspace       used 83574K, committed 84800K, reserved 458752K
  class space    used 10408K, committed 10880K, reserved 327680K
}
Event: 7488.290 GC heap after
{Heap after GC invocations=279 (full 0):
 garbage-first heap   total 429056K, used 104872K [0x00000000e0000000, 0x0000000100000000)
  region size 1024K, 3 young (3072K), 3 survivors (3072K)
 Metaspace       used 83574K, committed 84800K, reserved 458752K
  class space    used 10408K, committed 10880K, reserved 327680K
}

Dll operation events (15 events):
Event: 15.743 Loaded shared library E:\projects\tools\jdk-17.0.18+8\bin\java.dll
Event: 16.710 Loaded shared library E:\projects\tools\jdk-17.0.18+8\bin\jsvml.dll
Event: 17.322 Loaded shared library E:\projects\tools\jdk-17.0.18+8\bin\zip.dll
Event: 17.985 Loaded shared library E:\projects\tools\jdk-17.0.18+8\bin\instrument.dll
Event: 18.821 Loaded shared library E:\projects\tools\jdk-17.0.18+8\bin\net.dll
Event: 19.081 Loaded shared library E:\projects\tools\jdk-17.0.18+8\bin\nio.dll
Event: 19.086 Loaded shared library E:\projects\tools\jdk-17.0.18+8\bin\zip.dll
Event: 22.555 Loaded shared library E:\projects\tools\jdk-17.0.18+8\bin\jimage.dll
Event: 24.840 Loaded shared library E:\projects\tools\jdk-17.0.18+8\bin\verify.dll
Event: 26.039 Loaded shared library C:\Users\USER\.gradle\native\68d5fa5c4cc2d200863cafc0d521ce42e7d3e7ee720ec0a83991735586a16f82\windows-amd64\native-platform.dll
Event: 26.581 Loaded shared library C:\Users\USER\.gradle\native\e376f236ea51e6404a007f0833ffe2c6e607c4080706a723a18a27aeea778392\windows-amd64\native-platform-file-events.dll
Event: 54.233 Loaded shared library E:\projects\tools\jdk-17.0.18+8\bin\management.dll
Event: 54.461 Loaded shared library E:\projects\tools\jdk-17.0.18+8\bin\management_ext.dll
Event: 84.882 Loaded shared library E:\projects\tools\jdk-17.0.18+8\bin\extnet.dll
Event: 101.547 Loaded shared library E:\projects\tools\jdk-17.0.18+8\bin\sunmscapi.dll

Deoptimization events (20 events):
Event: 7507.621 Thread 0x000001cd70668340 DEOPT UNPACKING pc=0x000001cd476069a3 sp=0x00000091b62fe538 mode 2
Event: 7507.621 Thread 0x000001cd70668340 Uncommon trap: trap_request=0xffffff45 fr.pc=0x000001cd480171a0 relative=0x0000000000000520
Event: 7507.621 Thread 0x000001cd70668340 Uncommon trap: reason=unstable_if action=reinterpret pc=0x000001cd480171a0 method=org.gradle.internal.logging.text.AbstractLineChoppingStyledTextOutput$2.execute(Lorg/gradle/internal/logging/text/AbstractLineChoppingStyledTextOutput$StateContext;)V @ 34 c
Event: 7507.621 Thread 0x000001cd70668340 DEOPT PACKING pc=0x000001cd480171a0 sp=0x00000091b62fe620
Event: 7507.621 Thread 0x000001cd70668340 DEOPT UNPACKING pc=0x000001cd476069a3 sp=0x00000091b62fe520 mode 2
Event: 7507.691 Thread 0x000001cd6d14f070 Uncommon trap: reason=class_check action=maybe_recompile pc=0x000001cd48ac492c method=java.io.ObjectOutputStream.writeObject0(Ljava/lang/Object;Z)V @ 240 c2
Event: 7507.691 Thread 0x000001cd6d14f070 DEOPT PACKING pc=0x000001cd48ac492c sp=0x00000091b1dff080
Event: 7507.769 Thread 0x000001cd6d14f070 DEOPT UNPACKING pc=0x000001cd476069a3 sp=0x00000091b1dff088 mode 2
Event: 7507.800 Thread 0x000001cd6d14f070 Uncommon trap: trap_request=0xffffffde fr.pc=0x000001cd48ac492c relative=0x000000000000422c
Event: 7507.800 Thread 0x000001cd6d14f070 Uncommon trap: reason=class_check action=maybe_recompile pc=0x000001cd48ac492c method=java.io.ObjectOutputStream.writeObject0(Ljava/lang/Object;Z)V @ 240 c2
Event: 7507.800 Thread 0x000001cd6d14f070 DEOPT PACKING pc=0x000001cd48ac492c sp=0x00000091b1dfee70
Event: 7507.800 Thread 0x000001cd6d14f070 DEOPT UNPACKING pc=0x000001cd476069a3 sp=0x00000091b1dfee78 mode 2
Event: 7507.801 Thread 0x000001cd6d14f070 Uncommon trap: trap_request=0xffffffde fr.pc=0x000001cd48ac492c relative=0x000000000000422c
Event: 7507.801 Thread 0x000001cd6d14f070 Uncommon trap: reason=class_check action=maybe_recompile pc=0x000001cd48ac492c method=java.io.ObjectOutputStream.writeObject0(Ljava/lang/Object;Z)V @ 240 c2
Event: 7507.801 Thread 0x000001cd6d14f070 DEOPT PACKING pc=0x000001cd48ac492c sp=0x00000091b1dfe110
Event: 7507.801 Thread 0x000001cd6d14f070 DEOPT UNPACKING pc=0x000001cd476069a3 sp=0x00000091b1dfe118 mode 2
Event: 7507.801 Thread 0x000001cd6d14f070 Uncommon trap: trap_request=0xffffffde fr.pc=0x000001cd48ac492c relative=0x000000000000422c
Event: 7507.801 Thread 0x000001cd6d14f070 Uncommon trap: reason=class_check action=maybe_recompile pc=0x000001cd48ac492c method=java.io.ObjectOutputStream.writeObject0(Ljava/lang/Object;Z)V @ 240 c2
Event: 7507.801 Thread 0x000001cd6d14f070 DEOPT PACKING pc=0x000001cd48ac492c sp=0x00000091b1dfe110
Event: 7507.801 Thread 0x000001cd6d14f070 DEOPT UNPACKING pc=0x000001cd476069a3 sp=0x00000091b1dfe118 mode 2

Classes loaded (20 events):
Event: 5846.749 Loading class java/text/ChoiceFormat
Event: 5846.841 Loading class java/text/ChoiceFormat done
Event: 5848.429 Loading class java/math/BigDecimal$StringBuilderHelper
Event: 5848.568 Loading class java/math/BigDecimal$StringBuilderHelper done
Event: 6515.721 Loading class jdk/internal/module/IllegalAccessLogger
Event: 6515.721 Loading class jdk/internal/module/IllegalAccessLogger done
Event: 7490.636 Loading class java/io/Console
Event: 7490.734 Loading class java/io/Console done
Event: 7490.735 Loading class java/nio/charset/Charset$ExtendedProviderHolder
Event: 7490.776 Loading class java/nio/charset/Charset$ExtendedProviderHolder done
Event: 7490.776 Loading class java/nio/charset/Charset$ExtendedProviderHolder$1
Event: 7490.776 Loading class java/nio/charset/Charset$ExtendedProviderHolder$1 done
Event: 7490.871 Loading class java/nio/charset/Charset$2
Event: 7490.871 Loading class java/nio/charset/Charset$2 done
Event: 7490.871 Loading class java/nio/charset/Charset$1
Event: 7490.871 Loading class java/nio/charset/Charset$1 done
Event: 7490.873 Loading class java/io/Console$2
Event: 7490.894 Loading class jdk/internal/access/JavaIOAccess
Event: 7490.894 Loading class jdk/internal/access/JavaIOAccess done
Event: 7490.894 Loading class java/io/Console$2 done

Classes unloaded (20 events):
Event: 7488.726 Thread 0x000001cd528442b0 Unloading class 0x000001cd54aa3800 'jdk/internal/reflect/GeneratedMethodAccessor247'
Event: 7488.726 Thread 0x000001cd528442b0 Unloading class 0x000001cd54aa3400 'jdk/internal/reflect/GeneratedMethodAccessor246'
Event: 7488.726 Thread 0x000001cd528442b0 Unloading class 0x000001cd54aa2c00 'jdk/internal/reflect/GeneratedMethodAccessor245'
Event: 7488.726 Thread 0x000001cd528442b0 Unloading class 0x000001cd54aa2800 'jdk/internal/reflect/GeneratedMethodAccessor244'
Event: 7488.726 Thread 0x000001cd528442b0 Unloading class 0x000001cd54aa2400 'jdk/internal/reflect/GeneratedMethodAccessor243'
Event: 7488.726 Thread 0x000001cd528442b0 Unloading class 0x000001cd54aa2000 'jdk/internal/reflect/GeneratedMethodAccessor242'
Event: 7488.726 Thread 0x000001cd528442b0 Unloading class 0x000001cd54aa1c00 'jdk/internal/reflect/GeneratedMethodAccessor241'
Event: 7488.726 Thread 0x000001cd528442b0 Unloading class 0x000001cd54aa1800 'jdk/internal/reflect/GeneratedMethodAccessor240'
Event: 7488.726 Thread 0x000001cd528442b0 Unloading class 0x000001cd54aa1400 'jdk/internal/reflect/GeneratedMethodAccessor239'
Event: 7488.726 Thread 0x000001cd528442b0 Unloading class 0x000001cd54aa1000 'jdk/internal/reflect/GeneratedMethodAccessor238'
Event: 7488.726 Thread 0x000001cd528442b0 Unloading class 0x000001cd54aa0c00 'jdk/internal/reflect/GeneratedMethodAccessor237'
Event: 7488.726 Thread 0x000001cd528442b0 Unloading class 0x000001cd54aa0800 'jdk/internal/reflect/GeneratedMethodAccessor236'
Event: 7488.726 Thread 0x000001cd528442b0 Unloading class 0x000001cd54aa0400 'jdk/internal/reflect/GeneratedMethodAccessor235'
Event: 7488.726 Thread 0x000001cd528442b0 Unloading class 0x000001cd54aa0000 'jdk/internal/reflect/GeneratedMethodAccessor234'
Event: 7488.726 Thread 0x000001cd528442b0 Unloading class 0x000001cd54a94800 'jdk/internal/reflect/GeneratedMethodAccessor233'
Event: 7488.726 Thread 0x000001cd528442b0 Unloading class 0x000001cd54a94400 'jdk/internal/reflect/GeneratedMethodAccessor232'
Event: 7488.726 Thread 0x000001cd528442b0 Unloading class 0x000001cd54a43800 'jdk/internal/reflect/GeneratedMethodAccessor231'
Event: 7488.726 Thread 0x000001cd528442b0 Unloading class 0x000001cd54a86000 'jdk/internal/reflect/GeneratedConstructorAccessor124'
Event: 7488.726 Thread 0x000001cd528442b0 Unloading class 0x000001cd54a85c00 'jdk/internal/reflect/GeneratedConstructorAccessor123'
Event: 7488.726 Thread 0x000001cd528442b0 Unloading class 0x000001cd54a85800 'jdk/internal/reflect/GeneratedConstructorAccessor122'

Classes redefined (0 events):
No events

Internal exceptions (20 events):
Event: 6539.134 Thread 0x000001cd6fd3a000 Exception <a 'java/lang/NoSuchMethodError'{0x00000000f4dc6388}: static [Ljava/lang/Object;.<clinit>()V> (0x00000000f4dc6388) 
thrown [s\src\hotspot\share\prims\jni.cpp, line 1112]
Event: 7450.271 Thread 0x000001cd706664e0 Exception <a 'sun/nio/fs/WindowsException'{0x00000000f30b7200}> (0x00000000f30b7200) 
thrown [s\src\hotspot\share\prims\jni.cpp, line 516]
Event: 7450.271 Thread 0x000001cd706664e0 Exception <a 'sun/nio/fs/WindowsException'{0x00000000f30b85b8}> (0x00000000f30b85b8) 
thrown [s\src\hotspot\share\prims\jni.cpp, line 516]
Event: 7450.272 Thread 0x000001cd706664e0 Exception <a 'sun/nio/fs/WindowsException'{0x00000000f30b9968}> (0x00000000f30b9968) 
thrown [s\src\hotspot\share\prims\jni.cpp, line 516]
Event: 7450.416 Thread 0x000001cd706664e0 Exception <a 'sun/nio/fs/WindowsException'{0x00000000f30bad08}> (0x00000000f30bad08) 
thrown [s\src\hotspot\share\prims\jni.cpp, line 516]
Event: 7455.938 Thread 0x000001cd706664e0 Exception <a 'java/lang/NoSuchMethodError'{0x00000000f2cad928}: 'java.lang.Object java.lang.invoke.DelegatingMethodHandle$Holder.reinvoke_L(java.lang.Object, java.lang.Object, java.lang.Object, java.lang.Object, java.lang.Object, java.lang.Object, java.lang.Object, java.lang.Object, java.lang.Object, java.lang.Object, java.lang.Object, java.lang.Object, java.lang.Object, java.lang.Object, java.lang.Object, java.lang.Object, java.lang.Object, java.lang.Object, java.lang.Object, java.lang.Object, java.lang.O
Event: 7459.821 Thread 0x000001cd706664e0 Exception <a 'java/lang/NoClassDefFoundError'{0x00000000f28be7f0}: org/jetbrains/kotlin/gradle/plugin/KotlinPluginWrapper> (0x00000000f28be7f0) 
thrown [s\src\hotspot\share\oops\constantPool.cpp, line 837]
Event: 7459.821 Thread 0x000001cd706664e0 Exception <a 'java/lang/NoClassDefFoundError'{0x00000000f28c0e38}: org/graalvm/buildtools/gradle/NativeImagePlugin> (0x00000000f28c0e38) 
thrown [s\src\hotspot\share\oops\constantPool.cpp, line 837]
Event: 7486.800 Thread 0x000001cd6c9b90a0 Exception <a 'java/io/FileNotFoundException'{0x00000000f1c2e250}> (0x00000000f1c2e250) 
thrown [s\src\hotspot\share\prims\jni.cpp, line 516]
Event: 7486.801 Thread 0x000001cd6c9b90a0 Exception <a 'java/io/FileNotFoundException'{0x00000000f1c2fed8}> (0x00000000f1c2fed8) 
thrown [s\src\hotspot\share\prims\jni.cpp, line 516]
Event: 7490.934 Thread 0x000001cd6c9b90a0 Exception <a 'java/io/FileNotFoundException'{0x00000000f519c2c0}> (0x00000000f519c2c0) 
thrown [s\src\hotspot\share\prims\jni.cpp, line 516]
Event: 7490.935 Thread 0x000001cd6c9b90a0 Exception <a 'java/io/FileNotFoundException'{0x00000000f519e6b0}> (0x00000000f519e6b0) 
thrown [s\src\hotspot\share\prims\jni.cpp, line 516]
Event: 7490.935 Thread 0x000001cd6c9b90a0 Exception <a 'java/io/FileNotFoundException'{0x00000000f51a08e0}> (0x00000000f51a08e0) 
thrown [s\src\hotspot\share\prims\jni.cpp, line 516]
Event: 7507.187 Thread 0x000001cd6e727290 StackOverflowError at 0x000001cd47b6dfc0
Event: 7507.222 Thread 0x000001cd6e727290 Exception <a 'java/lang/StackOverflowError'{0x00000000f4ae2df0}> (0x00000000f4ae2df0) 
thrown [s\src\hotspot\share\runtime\sharedRuntime.cpp, line 631]
Event: 7507.800 Thread 0x000001cd6d14f070 Exception <a 'java/lang/NoSuchMethodError'{0x00000000f4986260}: static Lorg/gradle/internal/event/ListenerNotificationException;.<clinit>()V> (0x00000000f4986260) 
thrown [s\src\hotspot\share\prims\jni.cpp, line 1112]
Event: 7507.800 Thread 0x000001cd6d14f070 Exception <a 'java/lang/NoSuchMethodError'{0x00000000f4988390}: static Lorg/gradle/internal/exceptions/DefaultMultiCauseException;.<clinit>()V> (0x00000000f4988390) 
thrown [s\src\hotspot\share\prims\jni.cpp, line 1112]
Event: 7507.800 Thread 0x000001cd6d14f070 Exception <a 'java/lang/NoSuchMethodError'{0x00000000f498b4e8}: static Lorg/gradle/api/GradleException;.<clinit>()V> (0x00000000f498b4e8) 
thrown [s\src\hotspot\share\prims\jni.cpp, line 1112]
Event: 7507.801 Thread 0x000001cd6d14f070 Exception <a 'java/lang/NoSuchMethodError'{0x00000000f4998708}: static [Ljava/lang/StackTraceElement;.<clinit>()V> (0x00000000f4998708) 
thrown [s\src\hotspot\share\prims\jni.cpp, line 1112]
Event: 7507.897 Thread 0x000001cd6d14f070 Exception <a 'java/lang/NoSuchMethodError'{0x00000000f48168d0}: static [B.<clinit>()V> (0x00000000f48168d0) 
thrown [s\src\hotspot\share\prims\jni.cpp, line 1112]

VM Operations (20 events):
Event: 7481.771 Executing VM operation: Cleanup
Event: 7481.771 Executing VM operation: Cleanup done
Event: 7482.784 Executing VM operation: Cleanup
Event: 7482.784 Executing VM operation: Cleanup done
Event: 7483.787 Executing VM operation: Cleanup
Event: 7483.787 Executing VM operation: Cleanup done
Event: 7486.814 Executing VM operation: Cleanup
Event: 7486.846 Executing VM operation: Cleanup done
Event: 7487.860 Executing VM operation: Cleanup
Event: 7487.860 Executing VM operation: Cleanup done
Event: 7488.254 Executing VM operation: G1TryInitiateConcMark
Event: 7488.291 Executing VM operation: G1TryInitiateConcMark done
Event: 7488.688 Executing VM operation: G1PauseRemark
Event: 7488.809 Executing VM operation: G1PauseRemark done
Event: 7488.918 Executing VM operation: G1PauseCleanup
Event: 7488.918 Executing VM operation: G1PauseCleanup done
Event: 7490.948 Executing VM operation: Cleanup
Event: 7490.980 Executing VM operation: Cleanup done
Event: 7491.991 Executing VM operation: Cleanup
Event: 7491.991 Executing VM operation: Cleanup done

Memory protections (0 events):
No events

Nmethod flushes (20 events):
Event: 6538.444 Thread 0x000001cd528a2680 flushing  nmethod 0x000001cd42568010
Event: 6538.444 Thread 0x000001cd528a2680 flushing  nmethod 0x000001cd42568490
Event: 6538.444 Thread 0x000001cd528a2680 flushing  nmethod 0x000001cd42568810
Event: 6538.444 Thread 0x000001cd528a2680 flushing  nmethod 0x000001cd42569010
Event: 6538.444 Thread 0x000001cd528a2680 flushing  nmethod 0x000001cd4256a210
Event: 6538.444 Thread 0x000001cd528a2680 flushing  nmethod 0x000001cd4256c410
Event: 6538.444 Thread 0x000001cd528a2680 flushing  nmethod 0x000001cd4256ca10
Event: 6538.444 Thread 0x000001cd528a2680 flushing  nmethod 0x000001cd4256cf10
Event: 6538.444 Thread 0x000001cd528a2680 flushing osr nmethod 0x000001cd42571290
Event: 6538.444 Thread 0x000001cd528a2680 flushing  nmethod 0x000001cd42576010
Event: 6538.444 Thread 0x000001cd528a2680 flushing  nmethod 0x000001cd42577390
Event: 6538.444 Thread 0x000001cd528a2680 flushing  nmethod 0x000001cd42578190
Event: 6538.444 Thread 0x000001cd528a2680 flushing  nmethod 0x000001cd4257da10
Event: 6538.444 Thread 0x000001cd528a2680 flushing  nmethod 0x000001cd42588190
Event: 6538.444 Thread 0x000001cd528a2680 flushing  nmethod 0x000001cd42588510
Event: 6538.444 Thread 0x000001cd528a2680 flushing  nmethod 0x000001cd42589490
Event: 6538.444 Thread 0x000001cd528a2680 flushing  nmethod 0x000001cd42596b10
Event: 6538.444 Thread 0x000001cd528a2680 flushing  nmethod 0x000001cd4259a810
Event: 6538.444 Thread 0x000001cd528a2680 flushing  nmethod 0x000001cd4259b590
Event: 6538.444 Thread 0x000001cd528a2680 flushing  nmethod 0x000001cd4259c190

Events (20 events):
Event: 7468.295 Thread 0x000001cd6c9b90a0 Thread added: 0x000001cd706655b0
Event: 7468.344 Thread 0x000001cd6c9b90a0 Thread added: 0x000001cd6c9b9fd0
Event: 7468.419 Thread 0x000001cd6c9b90a0 Thread added: 0x000001cd6d15e1a0
Event: 7468.452 Thread 0x000001cd6c9b90a0 Thread added: 0x000001cd6d15ebc0
Event: 7468.509 Thread 0x000001cd6c9b90a0 Thread added: 0x000001cd6d159fd0
Event: 7468.554 Thread 0x000001cd6c9b90a0 Thread added: 0x000001cd6d158b90
Event: 7468.612 Thread 0x000001cd6c9b90a0 Thread added: 0x000001cd6d15c340
Event: 7468.632 Thread 0x000001cd6c9b90a0 Thread added: 0x000001cd6d15af00
Event: 7468.635 Thread 0x000001cd6c9b90a0 Thread added: 0x000001cd6d15b920
Event: 7468.686 Thread 0x000001cd6c9b90a0 Thread added: 0x000001cd6d1595b0
Event: 7468.813 Thread 0x000001cd6c9b90a0 Thread added: 0x000001cd6d15c850
Event: 7468.883 Thread 0x000001cd6c9b90a0 Thread added: 0x000001cd6d158680
Event: 7468.978 Thread 0x000001cd6c9b90a0 Thread added: 0x000001cd6d15cd60
Event: 7481.696 Thread 0x000001cd52896b80 Thread added: 0x000001cd6f7cf5a0
Event: 7482.363 Thread 0x000001cd6f7cf5a0 Thread exited: 0x000001cd6f7cf5a0
Event: 7487.574 Thread 0x000001cd52898160 Thread added: 0x000001cd713259a0
Event: 7490.869 Thread 0x000001cd713259a0 Thread exited: 0x000001cd713259a0
Event: 7491.040 Thread 0x000001cd6c9b90a0 Thread added: 0x000001cd70667e30
Event: 7491.419 Thread 0x000001cd70667e30 Thread added: 0x000001cd70668340
Event: 7491.419 Thread 0x000001cd70667e30 Thread added: 0x000001cd6e727290


Dynamic libraries:
0x00007ff69ee00000 - 0x00007ff69ee0e000 	E:\projects\tools\jdk-17.0.18+8\bin\java.exe
0x00007ffed94b0000 - 0x00007ffed96a8000 	C:\Windows\SYSTEM32\ntdll.dll
0x00007ffed77c0000 - 0x00007ffed7882000 	C:\Windows\System32\KERNEL32.DLL
0x00007ffed6f40000 - 0x00007ffed7236000 	C:\Windows\System32\KERNELBASE.dll
0x00007ffed6c60000 - 0x00007ffed6d60000 	C:\Windows\System32\ucrtbase.dll
0x00007ffed1fd0000 - 0x00007ffed1fee000 	E:\projects\tools\jdk-17.0.18+8\bin\VCRUNTIME140.dll
0x00007ffec8750000 - 0x00007ffec8768000 	E:\projects\tools\jdk-17.0.18+8\bin\jli.dll
0x00007ffed7e50000 - 0x00007ffed7ff1000 	C:\Windows\System32\USER32.dll
0x00007ffec4d00000 - 0x00007ffec4f9b000 	C:\Windows\WinSxS\amd64_microsoft.windows.common-controls_6595b64144ccf1df_6.0.19041.6456_none_60b8a6cb71f64256\COMCTL32.dll
0x00007ffed6be0000 - 0x00007ffed6c02000 	C:\Windows\System32\win32u.dll
0x00007ffed76c0000 - 0x00007ffed775e000 	C:\Windows\System32\msvcrt.dll
0x00007ffed8000000 - 0x00007ffed802b000 	C:\Windows\System32\GDI32.dll
0x00007ffed6e20000 - 0x00007ffed6f39000 	C:\Windows\System32\gdi32full.dll
0x00007ffed6b40000 - 0x00007ffed6bdd000 	C:\Windows\System32\msvcp_win.dll
0x00007ffed8b80000 - 0x00007ffed8baf000 	C:\Windows\System32\IMM32.DLL
0x00007ffed3380000 - 0x00007ffed338c000 	E:\projects\tools\jdk-17.0.18+8\bin\vcruntime140_1.dll
0x00007ffeb8e70000 - 0x00007ffeb8efd000 	E:\projects\tools\jdk-17.0.18+8\bin\msvcp140.dll
0x00007ffe818d0000 - 0x00007ffe8253b000 	E:\projects\tools\jdk-17.0.18+8\bin\server\jvm.dll
0x00007ffed92d0000 - 0x00007ffed9381000 	C:\Windows\System32\ADVAPI32.dll
0x00007ffed7890000 - 0x00007ffed792f000 	C:\Windows\System32\sechost.dll
0x00007ffed74d0000 - 0x00007ffed75f0000 	C:\Windows\System32\RPCRT4.dll
0x00007ffed6df0000 - 0x00007ffed6e17000 	C:\Windows\System32\bcrypt.dll
0x00007ffed7de0000 - 0x00007ffed7e4b000 	C:\Windows\System32\WS2_32.dll
0x00007ffed6080000 - 0x00007ffed60cb000 	C:\Windows\SYSTEM32\POWRPROF.dll
0x00007ffec6ec0000 - 0x00007ffec6ee7000 	C:\Windows\SYSTEM32\WINMM.dll
0x00007ffec48c0000 - 0x00007ffec48ca000 	C:\Windows\SYSTEM32\VERSION.dll
0x00007ffed5f40000 - 0x00007ffed5f52000 	C:\Windows\SYSTEM32\UMPDC.dll
0x00007ffed49b0000 - 0x00007ffed49c2000 	C:\Windows\SYSTEM32\kernel.appcore.dll
0x00007ffed2a10000 - 0x00007ffed2a1a000 	E:\projects\tools\jdk-17.0.18+8\bin\jimage.dll
0x00007ffec6cb0000 - 0x00007ffec6eb1000 	C:\Windows\SYSTEM32\DBGHELP.DLL
0x00007ffec4cc0000 - 0x00007ffec4cf4000 	C:\Windows\SYSTEM32\dbgcore.DLL
0x00007ffed6d60000 - 0x00007ffed6de2000 	C:\Windows\System32\bcryptPrimitives.dll
0x00007ffed2ac0000 - 0x00007ffed2ace000 	E:\projects\tools\jdk-17.0.18+8\bin\instrument.dll
0x00007ffebc6e0000 - 0x00007ffebc705000 	E:\projects\tools\jdk-17.0.18+8\bin\java.dll
0x00007ffeb8d90000 - 0x00007ffeb8e67000 	E:\projects\tools\jdk-17.0.18+8\bin\jsvml.dll
0x00007ffed8410000 - 0x00007ffed8b80000 	C:\Windows\System32\SHELL32.dll
0x00007ffed4bb0000 - 0x00007ffed5355000 	C:\Windows\SYSTEM32\windows.storage.dll
0x00007ffed7a20000 - 0x00007ffed7d74000 	C:\Windows\System32\combase.dll
0x00007ffed6570000 - 0x00007ffed659b000 	C:\Windows\SYSTEM32\Wldp.dll
0x00007ffed7950000 - 0x00007ffed7a1d000 	C:\Windows\System32\OLEAUT32.dll
0x00007ffed8bb0000 - 0x00007ffed8c5d000 	C:\Windows\System32\SHCORE.dll
0x00007ffed7d80000 - 0x00007ffed7ddb000 	C:\Windows\System32\shlwapi.dll
0x00007ffed6a70000 - 0x00007ffed6a94000 	C:\Windows\SYSTEM32\profapi.dll
0x00007ffebc4e0000 - 0x00007ffebc4f8000 	E:\projects\tools\jdk-17.0.18+8\bin\zip.dll
0x00007ffec7e80000 - 0x00007ffec7e9a000 	E:\projects\tools\jdk-17.0.18+8\bin\net.dll
0x00007ffec98b0000 - 0x00007ffec99ba000 	C:\Windows\SYSTEM32\WINHTTP.dll
0x00007ffed62d0000 - 0x00007ffed633a000 	C:\Windows\system32\mswsock.dll
0x00007ffec3df0000 - 0x00007ffec3e06000 	E:\projects\tools\jdk-17.0.18+8\bin\nio.dll
0x00007ffed27b0000 - 0x00007ffed27c0000 	E:\projects\tools\jdk-17.0.18+8\bin\verify.dll
0x00007ffec8800000 - 0x00007ffec8827000 	C:\Users\USER\.gradle\native\68d5fa5c4cc2d200863cafc0d521ce42e7d3e7ee720ec0a83991735586a16f82\windows-amd64\native-platform.dll
0x00007ffea63b0000 - 0x00007ffea64f4000 	C:\Users\USER\.gradle\native\e376f236ea51e6404a007f0833ffe2c6e607c4080706a723a18a27aeea778392\windows-amd64\native-platform-file-events.dll
0x00007ffed1f10000 - 0x00007ffed1f1a000 	E:\projects\tools\jdk-17.0.18+8\bin\management.dll
0x00007ffec87f0000 - 0x00007ffec87fc000 	E:\projects\tools\jdk-17.0.18+8\bin\management_ext.dll
0x00007ffed7940000 - 0x00007ffed7948000 	C:\Windows\System32\PSAPI.DLL
0x00007ffed64d0000 - 0x00007ffed64e8000 	C:\Windows\SYSTEM32\CRYPTSP.dll
0x00007ffed5b80000 - 0x00007ffed5bb8000 	C:\Windows\system32\rsaenh.dll
0x00007ffed6a30000 - 0x00007ffed6a5e000 	C:\Windows\SYSTEM32\USERENV.dll
0x00007ffed64c0000 - 0x00007ffed64cc000 	C:\Windows\SYSTEM32\CRYPTBASE.dll
0x00007ffed5f60000 - 0x00007ffed5f9b000 	C:\Windows\SYSTEM32\IPHLPAPI.DLL
0x00007ffed7930000 - 0x00007ffed7938000 	C:\Windows\System32\NSI.dll
0x00007ffec9cd0000 - 0x00007ffec9ce7000 	C:\Windows\SYSTEM32\dhcpcsvc6.DLL
0x00007ffec9f50000 - 0x00007ffec9f6d000 	C:\Windows\SYSTEM32\dhcpcsvc.DLL
0x00007ffed5fb0000 - 0x00007ffed607a000 	C:\Windows\SYSTEM32\DNSAPI.dll
0x00007ffed2ad0000 - 0x00007ffed2ad9000 	E:\projects\tools\jdk-17.0.18+8\bin\extnet.dll
0x00007ffebed20000 - 0x00007ffebed2e000 	E:\projects\tools\jdk-17.0.18+8\bin\sunmscapi.dll
0x00007ffed7240000 - 0x00007ffed739d000 	C:\Windows\System32\CRYPT32.dll
0x00007ffed65e0000 - 0x00007ffed6607000 	C:\Windows\SYSTEM32\ncrypt.dll
0x00007ffed65a0000 - 0x00007ffed65db000 	C:\Windows\SYSTEM32\NTASN1.dll
0x00007ffeb8560000 - 0x00007ffeb8567000 	C:\Windows\system32\wshunix.dll
0x00007ffec9750000 - 0x00007ffec975a000 	C:\Windows\System32\rasadhlp.dll
0x00007ffec9770000 - 0x00007ffec97f0000 	C:\Windows\System32\fwpuclnt.dll

dbghelp: loaded successfully - version: 4.0.5 - missing functions: none
symbol engine: initialized successfully - sym options: 0x614 - pdb path: .;E:\projects\tools\jdk-17.0.18+8\bin;C:\Windows\SYSTEM32;C:\Windows\WinSxS\amd64_microsoft.windows.common-controls_6595b64144ccf1df_6.0.19041.6456_none_60b8a6cb71f64256;E:\projects\tools\jdk-17.0.18+8\bin\server;C:\Users\USER\.gradle\native\68d5fa5c4cc2d200863cafc0d521ce42e7d3e7ee720ec0a83991735586a16f82\windows-amd64;C:\Users\USER\.gradle\native\e376f236ea51e6404a007f0833ffe2c6e607c4080706a723a18a27aeea778392\windows-amd64

VM Arguments:
jvm_args: --add-opens=java.base/java.util=ALL-UNNAMED --add-opens=java.base/java.lang=ALL-UNNAMED --add-opens=java.base/java.lang.invoke=ALL-UNNAMED --add-opens=java.prefs/java.util.prefs=ALL-UNNAMED --add-opens=java.base/java.nio.charset=ALL-UNNAMED --add-opens=java.base/java.net=ALL-UNNAMED --add-opens=java.base/java.util.concurrent.atomic=ALL-UNNAMED -XX:MaxMetaspaceSize=384m -XX:+HeapDumpOnOutOfMemoryError -Xms256m -Xmx512m -Dfile.encoding=windows-1252 -Duser.country=PE -Duser.language=es -Duser.variant -javaagent:C:\Users\USER\.gradle\wrapper\dists\gradle-8.1.1-bin\9wiye5v2saajue4irfo8ybqfp\gradle-8.1.1\lib\agents\gradle-instrumentation-agent-8.1.1.jar 
java_command: org.gradle.launcher.daemon.bootstrap.GradleDaemon 8.1.1
java_class_path (initial): C:\Users\USER\.gradle\wrapper\dists\gradle-8.1.1-bin\9wiye5v2saajue4irfo8ybqfp\gradle-8.1.1\lib\gradle-launcher-8.1.1.jar
Launcher Type: SUN_STANDARD

[Global flags]
     intx CICompilerCount                          = 3                                         {product} {ergonomic}
   size_t CompressedClassSpaceSize                 = 335544320                                 {product} {ergonomic}
     uint ConcGCThreads                            = 1                                         {product} {ergonomic}
     uint G1ConcRefinementThreads                  = 4                                         {product} {ergonomic}
   size_t G1HeapRegionSize                         = 1048576                                   {product} {ergonomic}
    uintx GCDrainStackTargetSize                   = 64                                        {product} {ergonomic}
     bool HeapDumpOnOutOfMemoryError               = true                                   {manageable} {command line}
   size_t InitialHeapSize                          = 268435456                                 {product} {command line}
   size_t MarkStackSize                            = 4194304                                   {product} {ergonomic}
   size_t MaxHeapSize                              = 536870912                                 {product} {command line}
   size_t MaxMetaspaceSize                         = 402653184                                 {product} {command line}
   size_t MaxNewSize                               = 321912832                                 {product} {ergonomic}
   size_t MinHeapDeltaBytes                        = 1048576                                   {product} {ergonomic}
   size_t MinHeapSize                              = 268435456                                 {product} {command line}
    uintx NonNMethodCodeHeapSize                   = 5832780                                {pd product} {ergonomic}
    uintx NonProfiledCodeHeapSize                  = 122912730                              {pd product} {ergonomic}
    uintx ProfiledCodeHeapSize                     = 122912730                              {pd product} {ergonomic}
    uintx ReservedCodeCacheSize                    = 251658240                              {pd product} {ergonomic}
     bool SegmentedCodeCache                       = true                                      {product} {ergonomic}
   size_t SoftMaxHeapSize                          = 536870912                              {manageable} {ergonomic}
     bool UseCompressedClassPointers               = true                           {product lp64_product} {ergonomic}
     bool UseCompressedOops                        = true                           {product lp64_product} {ergonomic}
     bool UseG1GC                                  = true                                      {product} {ergonomic}
     bool UseLargePagesIndividualAllocation        = false                                  {pd product} {ergonomic}

Logging:
Log output configuration:
 #0: stdout all=warning uptime,level,tags
 #1: stderr all=off uptime,level,tags

Environment Variables:
JAVA_HOME=E:\projects\tools\jdk-17.0.18+8
CLASSPATH=E:\projects\java\quarkus\spring_hr_api\\gradle\wrapper\gradle-wrapper.jar
PATH=E:\flutter\bin\;c:\Users\USER\AppData\Roaming\Code\User\globalStorage\github.copilot-chat\debugCommand;c:\Users\USER\AppData\Roaming\Code\User\globalStorage\github.copilot-chat\copilotCli;C:\Users\USER\AppData\Local\Programs\Microsoft VS Code;C:\Ruby33-x64\bin;C:\Windows\system32;C:\Windows;C:\Windows\System32\Wbem;C:\Windows\System32\WindowsPowerShell\v1.0\;C:\Windows\System32\OpenSSH\;E:\mongodb\bin;C:\Program Files\Git\cmd;C:\Program Files\nodejs\;C:\Program Files\dotnet\;C:\Program Files\PuTTY\;E:\hugo_0.146.3_windows-amd64;E:\projects\tools\jetzig\bin;E:\projects\tools-\php-7.3.33-Win32-VC15-x64;E:\projects\tools\php-8.2.28-Win32-vs16-x64;C:\composer;E:\projects\tools\zig-windows-x86_64-0.15.0-dev.386+2e35fdd03;C:\Program Files\LLVM\bin;C:\Program Files\Go\bin;C:\Users\USER\AppData\Roaming\Python\Python312\Scripts;C:\Users\USER\.local\bin;E:\flutter\bin;E:\projects\tools\jdk-17.0.18+8\bin;C:\Users\USER\AppData\Roaming\local\bin;C:\Program Files\Elixir\bin;C:\Program Files\Erlang OTP\bin;C:\Users\USER\AppData\Local\pnpm;C:\Users\USER\.cargo\bin;C:\Users\USER\AppData\Local\Programs\Python\Python312\Scripts\;C:\Users\USER\AppData\Local\Programs\Python\Python312\;C:\Users\USER\AppData\Local\Microsoft\WindowsApps;C:\Users\USER\AppData\Local\Programs\Microsoft VS Code\bin;C:\Users\USER\AppData\Roaming\npm;C:\Users\USER\.dotnet\tools;C:\Users\USER\.deno\bin;C:\Users\USER\AppData\Local\SurrealDB;C:\Program Files\SurrealDB;C:\Users\USER\AppData\Roaming\Composer\vendor\bin;C:\Users\USER\.dotnet\tools;C:\Users\USER\go\bin
USERNAME=USER
LANG=en_US.UTF-8
OS=Windows_NT
PROCESSOR_IDENTIFIER=Intel64 Family 6 Model 60 Stepping 3, GenuineIntel
TMP=C:\Users\USER\AppData\Local\Temp
TEMP=C:\Users\USER\AppData\Local\Temp



Periodic native trim disabled


---------------  S Y S T E M  ---------------

OS:
 Windows 10 , 64 bit Build 19041 (10.0.19041.5915)
OS uptime: 14 days 22:53 hours

CPU: total 4 (initial active 4) (2 cores per cpu, 2 threads per core) family 6 model 60 stepping 3 microcode 0x27, cx8, cmov, fxsr, ht, mmx, sse, sse2, sse3, ssse3, sse4.1, sse4.2, popcnt, lzcnt, tsc, tscinvbit, avx, avx2, aes, erms, clmul, bmi1, bmi2, fma, vzeroupper, clflush
Processor Information for all 4 processors :
  Max Mhz: 2501, Current Mhz: 2501, Mhz Limit: 2501

Memory: 4k page, system-wide physical 8105M (401M free)
TotalPageFile size 32681M (AvailPageFile size 75M)
current process WorkingSet (physical memory assigned to process): 465M, peak: 694M
current process commit charge ("private bytes"): 672M, peak: 770M

vm_info: OpenJDK 64-Bit Server VM (17.0.18+8) for windows-amd64 JRE (17.0.18+8), built on Jan 20 2026 22:28:22 by "admin" with MS VC++ 17.12 (VS2022)

END.
